pond,station,haul.winter,haul.date_jul,soak_days,set.occurrence_yr,lunar.illumination,water.temp_c,air.temp.range_c,salinity_ppt,precip_mm.day,wind_m.s,wfl_freq,wfl_binary
PP,PP1,2019,153,NA,4,0.2151929111268391,9.8,23.9,25.72,0.96,3.54,1,1
NP,NP1,2019,132,NA,1,0.19679945402046573,4.7,24.700000000000003,24.98,4.68,3.24,7,1
NP,NP2,2019,132,NA,1,0.19679945402046573,4.7,24.700000000000003,24.49,4.68,3.24,0,0
PJ,PJ3,2019,127,NA,1,0.030128786851149624,3.1,17.5,25.05,7.92,3.08,0,0
PP,PP1,2019,127,NA,1,0.030128786851149624,3.2,17.5,25.86,7.92,3.08,0,0
PJ,PJ1,2019,119,NA,3,0.6466730291362774,NA,17.5,NA,6.1000000000000005,4.2,1,1
PP,PP1,2017,120,NA,1,0.02420891436543835,NA,24.200000000000003,NA,0.6599999999999999,3.24,3,1
PJ,PJ3,2016,128,NA,1,0.12998761173657897,5.3,15.3,NA,0.82,2.96,0,0
PJ,PJ6,2016,128,NA,2,0.12998761173657897,5,15.3,NA,0.82,2.96,0,0
PJ,PJ6,2015,133,NA,1,0.6467838851332721,4,24.1,NA,1.94,2.4400000000000004,3,1
PP,PP1,2015,133,NA,1,0.6467838851332721,4,24.1,NA,1.94,2.4400000000000004,3,1
PJ,PJ3,2014,158,6,2,0.23887761005330185,8.6,18.6,NA,4.12,3.58,1,1
PJ,PJ3,2012,154,5,2,0.5888451812892803,9.6,14.2,27.8,4.36,3.28,0,0
PJ,PJ6,2011,72,NA,1,0.24535081362167735,NA,19.1,NA,1.98,3.04,3,1
PJ,PJ1,2007,68,NA,1,0.953402852274252,8.1,19,23.5,1.72,3.64,3,1
PJ,PJ1,2006,133,NA,12,0.8717877230158745,7.6,16.8,29.9,0.44,3.06,6,1
PJ,PJ2,2006,133,NA,11,0.8717877230158745,7.9,16.8,30.1,0.44,3.06,11,1
PJ,PJ1,2006,74,NA,1,0.875659535524592,6.3,16.6,26.5,0.64,2.6,37,1
PJ,PJ2,2006,74,NA,1,0.875659535524592,6.7,16.6,27.4,0.64,2.6,32,1
PJ,PJ6,2005,106,NA,1,0.14692193163052053,2.5,13.8,26.4,4.74,3.86,2,1
PJ,PJ1,2005,63,NA,1,0.7521621247691417,3,18.4,NA,0.06,3.26,3,1
PJ,PJ1,2004,112,NA,1,0.07190995892209634,1.3,20.4,27.2,1,3.22,1,1
PJ,PJ1,2003,69,NA,1,0.13325076136558114,1.9,12.5,29.5,1.9,3.54,2,1
PJ,PJ2,2003,69,NA,1,0.13325076136558114,1.5,12.5,29.6,1.9,3.54,4,1
PJ,PJ1,2001,106,NA,1,0.7963481363799807,2,26.6,29.9,0.36,3.7,39,1
PJ,PJ2,2001,106,NA,1,0.7963481363799807,NA,26.6,NA,0.36,3.7,98,1
PJ,PJ1,2000,116,NA,1,0.906190594071582,4.7,27.2,28.4,0,2.18,10,1
PJ,PJ2,2000,116,NA,1,0.906190594071582,4.7,27.2,28.4,0,2.18,33,1
PJ,PJ1,1999,76,NA,1,0.16525147032298246,NA,23.9,NA,7.02,NA,3,1
PJ,PJ2,1999,76,NA,1,0.16525147032298246,NA,23.9,NA,7.02,NA,6,1
PJ,PJ1,1999,81,5,2,0.03860038079686179,NA,22.8,NA,7.916666666666666,NA,61,1
PJ,PJ2,1999,81,5,2,0.03860038079686179,NA,22.8,NA,7.916666666666666,NA,88,1
PJ,PJ1,1999,83,2,3,0.1969238911611916,NA,16.7,NA,1.2000000000000002,NA,33,1
PJ,PJ2,1999,83,2,3,0.1969238911611916,NA,16.7,NA,1.2000000000000002,NA,44,1
PJ,PJ1,1999,86,3,4,0.4365322870705336,NA,14.5,NA,10.75,NA,47,1
PJ,PJ2,1999,86,3,4,0.4365322870705336,NA,14.5,NA,10.75,NA,60,1
PJ,PJ1,1999,88,2,5,0.6922108003617247,4.2,16.7,28.2,2.1333333333333337,NA,40,1
PJ,PJ2,1999,88,2,5,0.6922108003617247,4.3,16.7,27.3,2.1333333333333337,NA,51,1
PJ,PJ1,1999,90,2,6,0.8622476706604794,3.9,12.8,28.6,1,NA,11,1
PJ,PJ2,1999,90,2,6,0.8622476706604794,3.8,12.8,27.65,1,NA,30,1
PJ,PJ1,1999,93,3,7,0.9750422134157396,2.85,21.1,29,0.25,NA,14,1
PJ,PJ2,1999,93,3,7,0.9750422134157396,2.05,21.1,28.3,0.25,NA,24,1
PJ,PJ1,1999,96,3,8,0.9425468013009656,3.1500000000000004,26.1,28.65,22.425,NA,25,1
PJ,PJ2,1999,96,3,8,0.9425468013009656,2.85,26.1,28.55,22.425,NA,8,1
PJ,PJ1,1999,101,5,9,0.6354201000021945,3.9,21.1,27.75,1.3166666666666669,NA,45,1
PJ,PJ2,1999,101,5,9,0.6354201000021945,4.050000000000001,21.1,27.75,1.3166666666666669,NA,45,1
PJ,PJ1,1999,104,3,10,0.24298960752535428,4.1,23.3,27.7,0,NA,38,1
PJ,PJ2,1999,104,3,10,0.24298960752535428,3.9,23.3,26.85,0,NA,19,1
PJ,PJ1,1999,108,4,11,0.03950382783231567,4.75,24.5,28.9,1.16,NA,65,1
PJ,PJ2,1999,108,4,11,0.03950382783231567,4.5,24.5,27.85,1.16,NA,28,1
PJ,PJ1,1999,111,3,12,0.06802713124750476,4.85,17.8,29.25,5.275,NA,17,1
PJ,PJ3,1999,111,3,1,0.06802713124750476,4.8,17.8,28.8,5.275,NA,52,1
PJ,PJ1,1999,115,4,13,0.33609998725381973,3.2,22.2,28.95,0,NA,4,1
PJ,PJ3,1999,115,4,2,0.33609998725381973,2.8,22.2,28.9,0,NA,48,1
PJ,PJ1,1999,118,3,14,0.6867496245168998,1.3,21.6,28.9,5.85,NA,7,1
PJ,PJ3,1999,118,3,3,0.6867496245168998,0.6000000000000001,21.6,28.8,5.85,NA,6,1
PJ,PJ1,1999,122,4,15,0.9338376905896923,2.85,20.6,29,9.96,NA,27,1
PJ,PJ3,1999,122,4,4,0.9338376905896923,2.7,20.6,28.3,9.96,NA,3,1
PJ,PJ1,1999,125,3,16,0.9623478598306878,4.3,17.8,27.75,2.025,NA,13,1
PJ,PJ3,1999,125,3,5,0.9623478598306878,4.1,17.8,27.5,2.025,NA,10,1
PJ,PJ4,1999,125,3,1,0.9623478598306878,5.6,17.8,23.6,2.025,NA,8,1
PJ,PJ4,1999,128,3,2,0.7821507533300617,4.4,18.9,23.6,6.525,NA,15,1
PP,PP1,1999,128,3,1,0.7821507533300617,2.5,18.9,27,6.525,NA,12,1
PJ,PJ4,1999,131,3,3,0.4908461661231607,3.45,17.3,26.6,0,NA,2,1
PP,PP1,1999,131,3,2,0.4908461661231607,2.85,17.3,28.1,0,NA,8,1
PJ,PJ2,1999,131,2,12,0.4384912992572877,1.9,15,26.3,0,NA,5,1
PP,PP2,1999,131,2,1,0.4384912992572877,1.5,15,27,0,NA,5,1
PJ,PJ2,1999,137,6,13,0.12231058753141964,3,18.3,27.15,3.3,NA,25,1
PJ,PJ4,1999,137,6,4,0.12231058753141964,3.95,18.3,25.9,3.3,NA,15,1
PP,PP1,1999,137,6,3,0.12231058753141964,4.1,18.3,28.2,3.3,NA,7,1
PP,PP2,1999,137,6,1,0.12231058753141964,2.7,18.3,27.2,3.3,NA,16,1
PJ,PJ4,1999,143,6,5,0.14610293236320784,5.25,26.1,23.95,1.3,NA,17,1
PP,PP1,1999,143,6,4,0.14610293236320784,5.75,26.1,28.3,1.3,NA,3,1
PP,PP2,1999,143,6,2,0.14610293236320784,4.6,26.1,28.6,1.3,NA,5,1
PP,PP3,1999,143,6,1,0.14610293236320784,5.8,26.1,29.7,1.3,NA,16,1
PP,PP1,1999,146,3,5,0.5333960046719448,6.5,15.5,29.7,5.325,NA,6,1
PP,PP2,1999,146,3,3,0.5333960046719448,6.1,15.5,29.450000000000003,5.325,NA,10,1
PP,PP3,1999,146,3,2,0.5333960046719448,6.35,15.5,29.5,5.325,NA,15,1
PP,PP1,1999,149,3,6,0.815689627761345,7,24.4,29.75,4.075,NA,3,1
PP,PP2,1999,149,3,4,0.815689627761345,7.15,24.4,29.3,4.075,NA,16,1
PP,PP3,1999,149,3,3,0.815689627761345,7.5,24.4,28.950000000000003,4.075,NA,25,1
PP,PP2,1999,153,4,5,0.9742740018043744,8.100000000000001,24.4,28.9,0,NA,18,1
PP,PP3,1999,153,4,4,0.9742740018043744,8.5,24.4,28.75,0,NA,15,1
PP,PP4,1999,153,4,1,0.9742740018043744,8.6,24.4,28.4,0,NA,27,1
PP,PP3,1999,157,4,5,0.8552811037426735,8.35,22.2,28.95,0.1,NA,18,1
PP,PP4,1999,157,4,2,0.8552811037426735,8.85,22.2,28.55,0.1,NA,19,1
PJ,PJ1,2000,118,2,2,0.6819473101333876,4.85,15,27.6,8.033333333333333,3.2,14,1
PJ,PJ2,2000,118,2,2,0.6819473101333876,4.95,15,28.3,8.033333333333333,3.2,28,1
PJ,PJ2,2000,120,2,3,0.4768018952938894,5.95,10.6,27.25,7.866666666666666,3.2333333333333334,38,1
PJ,PJ3,2000,120,2,1,0.4768018952938894,6.5,10.6,25.8,7.866666666666666,3.2333333333333334,33,1
PJ,PJ2,2000,122,2,4,0.27579423305794976,6.25,13.9,27.05,1.6999999999999995,3.8333333333333335,24,1
PJ,PJ3,2000,122,2,2,0.27579423305794976,6.2,13.9,26.9,1.6999999999999995,3.8333333333333335,64,1
PJ,PJ2,2000,124,2,5,0.11477725142502204,5.35,12.2,27.8,0,3.466666666666667,34,1
PJ,PJ3,2000,124,2,3,0.11477725142502204,5.300000000000001,12.2,27.95,0,3.466666666666667,14,1
PJ,PJ2,2000,126,2,6,0.022470901589795127,4.800000000000001,15,28.85,0,3.8333333333333335,25,1
PJ,PJ3,2000,126,2,4,0.022470901589795127,4.75,15,28.9,0,3.8333333333333335,15,1
PJ,PJ2,2000,129,3,7,0.03362170736750454,4.7,20,30.1,0,3.375,9,1
PJ,PJ3,2000,129,3,5,0.03362170736750454,4.55,20,30.3,0,3.375,9,1
PP,PP1,2000,131,2,1,0.162860176320977,8.1,13.9,26.9,0.16666666666666669,3.666666666666667,9,1
PP,PP3,2000,131,2,1,0.162860176320977,8.1,13.9,28.4,0.16666666666666669,3.666666666666667,14,1
PP,PP1,2000,134,3,2,0.3929561911573666,7.15,12.8,26.05,22.35,3.95,15,1
PP,PP3,2000,134,3,2,0.3929561911573666,7.15,12.8,25.4,22.35,3.95,1,1
PP,PP2,2000,140,6,1,0.8058514307816762,2.9,26.1,NA,5.228571428571429,3.8857142857142857,5,1
PP,PP3,2000,140,6,3,0.8058514307816762,4.6,26.1,22.4,5.228571428571429,3.8857142857142857,3,1
PP,PP2,2000,143,3,2,0.9823482552966566,4.5,15.5,20.8,0,4.1,4,1
PP,PP3,2000,143,3,4,0.9823482552966566,4.45,15.5,21,0,4.1,5,1
PP,PP1,2000,146,3,3,0.8521306139335654,8.3,20,21.3,0,2.95,4,1
PP,PP4,2000,146,3,1,0.8521306139335654,7.6,20,22,0,2.95,7,1
PJ,PJ1,2001,108,2,2,0.5152539195712427,3,15,30.25,0.16666666666666669,2.7333333333333334,15,1
PJ,PJ2,2001,108,2,2,0.5152539195712427,3.8,15,30.3,0.16666666666666669,2.7333333333333334,46,1
PJ,PJ1,2001,111,3,3,0.2666151972270943,2.6,14.4,30.3,1.4,3.725,14,1
PJ,PJ2,2001,111,3,3,0.2666151972270943,2.35,14.4,29.85,1.4,3.725,38,1
PJ,PJ1,2001,114,3,4,0.05859107709404535,2.1,25,30.2,0,3.725,20,1
PJ,PJ2,2001,114,3,4,0.05859107709404535,1.6,25,29.4,0,3.725,27,1
PJ,PJ1,2001,119,5,5,0.07293718519058368,2.95,23.3,29.85,6.433333333333333,3.3666666666666667,15,1
PJ,PJ2,2001,119,5,5,0.07293718519058368,2.45,23.3,28.95,6.433333333333333,3.3666666666666667,30,1
PJ,PJ1,2001,122,3,6,0.356298581075495,2.55,15,29.9,0.375,2.975,9,1
PJ,PJ2,2001,122,3,6,0.356298581075495,2.5,15,29.45,0.375,2.975,19,1
PJ,PJ1,2001,127,5,7,0.7447669460965268,2.2,8.9,30.5,9.916666666666666,4.45,3,1
PJ,PJ2,2001,127,5,7,0.7447669460965268,2.4,8.9,30.4,9.916666666666666,4.45,15,1
PJ,PJ3,2001,136,9,1,0.8671206528290245,4.6,22.8,25.9,4.97,3.44,3,1
PJ,PJ2,2001,128,1,8,0.9614099366408384,NA,16.1,NA,0.4,3.35,2,1
PJ,PJ2,2001,136,8,9,0.8588409735378701,4.8,22.8,30.4,5.433333333333334,3.311111111111112,4,1
PJ,PJ2,2001,140,4,10,0.3672330565531198,5.8,16.1,29.85,0.26,2.98,32,1
PJ,PJ3,2001,140,4,2,0.3672330565531198,5.25,16.1,28.2,0.26,2.98,13,1
PJ,PJ2,2001,146,6,11,0.05561033313869148,6.8,16.1,29.3,14.071428571428571,4.514285714285714,54,1
PJ,PJ3,2001,146,6,3,0.05561033313869148,5.9,16.1,30.5,14.071428571428571,4.514285714285714,20,1
PJ,PJ2,2001,153,7,12,0.3223145951982168,NA,15,NA,12.9875,3.5875,24,1
PJ,PJ2,2002,89,3,1,0.9570276398986672,5.7,17,32.4,0,3.025,15,1
PJ,PJ3,2002,89,3,1,0.9570276398986672,5.7,17,31.5,0,3.025,16,1
PJ,PJ2,2002,92,3,2,0.9654625740518984,5.85,19.8,32.5,0.125,2.3,10,1
PJ,PJ3,2002,92,3,2,0.9654625740518984,5.9,19.8,32.05,0.125,2.3,22,1
PJ,PJ2,2002,96,4,3,0.743369523932376,4.9,22.1,32.5,0.7,3.44,7,1
PJ,PJ3,2002,96,4,3,0.743369523932376,4.65,22.1,32.5,0.7,3.44,13,1
PJ,PJ2,2002,100,4,4,0.35135275812279376,3,16.4,32.2,0.2,3.12,6,1
PJ,PJ3,2002,100,4,4,0.35135275812279376,2.85,16.4,32.4,0.2,3.12,13,1
PJ,PJ2,2002,104,4,5,0.0606613082101479,2.55,23.3,31.9,2.48,3.9,29,1
PJ,PJ3,2002,104,4,5,0.0606613082101479,2.75,23.3,32.15,2.48,3.9,8,1
PJ,PJ2,2002,106,2,6,0.0210578754010165,2.3,16.9,31.8,0,4.133333333333333,13,1
PJ,PJ3,2002,106,2,6,0.0210578754010165,2.5,16.9,31.95,0,4.133333333333333,6,1
PJ,PJ2,2002,111,5,7,0.2394253218943433,2.75,23.6,32,0.6333333333333333,3.65,14,1
PJ,PJ3,2002,111,5,7,0.2394253218943433,2.6,23.6,32,0.6333333333333333,3.65,4,1
PJ,PJ2,2002,114,3,8,0.6249372175017487,5,20.7,31.950000000000003,1.9,2.75,0,0
PJ,PJ3,2002,114,3,8,0.6249372175017487,4.800000000000001,20.7,31.95,1.9,2.75,0,0
PJ,PJ2,2002,117,3,9,0.8801586494827058,6.2,16,31.8,0,2.625,8,1
PJ,PJ3,2002,117,3,9,0.8801586494827058,6.15,16,31.95,0,2.625,7,1
PJ,PJ3,2002,124,7,10,0.9091553070840072,5.95,23.4,31.9,5.1375,3.9125,9,1
PJ,PJ2,2002,121,4,10,0.9764085396640344,5.550000000000001,23.4,32,1.98,3.52,7,1
PJ,PJ2,2002,124,3,11,0.8326323120340424,5.6,22.700000000000003,31.85,7.8,4.225,0,0
PJ,PJ2,2002,131,7,12,0.3649950901758656,6.55,26,31.5,1.3,4.1,25,1
PJ,PJ3,2002,127,3,11,0.5560458910119945,5.6,23.4,32.05,0,3.625,8,1
PJ,PJ3,2002,131,4,12,0.21893912617931788,5.4,22.3,32.05,2.08,4.1,20,1
PJ,PJ2,2002,134,3,13,0.02343761145280253,7.199999999999999,22.9,31.45,1.4,3.275,1,1
PJ,PJ3,2002,134,3,13,0.02343761145280253,6.199999999999999,22.9,31.75,1.4,3.275,5,1
PJ,PJ2,2002,139,5,14,0.12889591413024104,7.6,21.9,31.5,1.6,3.0166666666666666,16,1
PJ,PJ1,2003,71,2,2,0.3843151088430536,2.65,14.2,28.8,0.13333333333333336,3.633333333333333,5,1
PJ,PJ2,2003,71,2,2,0.3843151088430536,2.25,14.2,28.8,0.13333333333333336,3.633333333333333,1,1
PJ,PJ1,2003,75,4,3,0.6865300864796654,1.95,15.5,28.15,0,4.06,10,1
PJ,PJ3,2003,75,4,1,0.6865300864796654,0.2,15.5,28.3,0,4.06,6,1
PJ,PJ1,2003,81,6,4,0.9533629436919429,0.75,17,30.05,0.1857142857142857,3.085714285714286,6,1
PJ,PJ2,2003,81,6,3,0.9533629436919429,0.2,17,31.4,0.1857142857142857,3.085714285714286,6,1
PJ,PJ1,2003,95,12,5,0.28073006741278267,1.75,28.6,31.85,0.3266666666666667,3.733333333333333,6,1
PJ,PJ2,2003,95,12,4,0.28073006741278267,0.95,28.6,31.05,0.3266666666666667,3.733333333333333,2,1
PJ,PJ1,2003,101,6,6,0.2567544266909228,1.75,28.8,31.35,2.9857142857142858,3.7285714285714286,11,1
PJ,PJ1,2003,106,5,7,0.7669022825132885,0.8,28,31,1.25,2.75,5,1
PJ,PJ1,2003,137,3,8,0.9401017868867324,4.6,27.9,31,0.275,2.4,1,1
PJ,PJ3,2003,137,3,2,0.9401017868867324,5.2,27.9,30.6,0.275,2.4,2,1
PJ,PJ1,2003,143,6,9,0.8957551843721014,5.3,24.5,30.35,4.157142857142857,2.842857142857143,3,1
PJ,PJ3,2003,143,6,3,0.8957551843721014,5.75,24.5,29.700000000000003,4.157142857142857,2.842857142857143,3,1
PJ,PJ1,2003,146,3,10,0.5455218377027662,6.2,14.9,30.25,0.325,2.65,14,1
PJ,PJ3,2003,146,3,4,0.5455218377027662,6.75,14.9,29.4,0.325,2.65,5,1
PJ,PJ1,2003,153,7,11,0.13487896020647375,6.4,22.8,29.85,8.4875,3.475,17,1
PJ,PJ3,2003,153,7,5,0.13487896020647375,6.800000000000001,22.8,29.3,8.4875,3.475,9,1
PJ,PJ1,2003,161,8,12,0.2670410703453691,4.85,15,28.95,2.855555555555555,3.6222222222222222,3,1
PJ,PJ3,2003,161,8,6,0.2670410703453691,4.75,15,28.65,2.855555555555555,3.6222222222222222,0,0
PJ,PJ1,2003,165,4,13,0.8080112493607523,4.35,18.6,29.3,6.739999999999999,3.98,0,0
PJ,PJ3,2003,165,4,7,0.8080112493607523,5,18.6,28.25,6.739999999999999,3.98,0,0
PJ,PJ2,2003,181,5,5,0.14649657243377834,11,27.6,NA,6.8,3.5,13,1
PJ,PJ5,2003,181,5,1,0.14649657243377834,11,27.6,NA,6.8,3.5,19,1
PJ,PJ2,2003,185,4,6,0.03647220069984149,12.25,19.6,29.7,0.7,3,6,1
PJ,PJ1,2004,117,5,2,0.08915428435436114,1.7000000000000002,15.1,28.75,0.11666666666666664,2.8000000000000003,3,1
PJ,PJ1,2004,122,5,3,0.4957538011123333,3.5,20,29.950000000000003,0,2.966666666666667,3,1
PJ,PJ1,2004,126,4,4,0.8880796511578267,5.45,16.2,29.35,0.76,2.44,4,1
PJ,PJ6,2004,126,4,1,0.8880796511578267,6.5,16.2,26.5,0.76,2.44,9,1
PJ,PJ1,2004,130,4,5,0.9652208904064898,4.85,18,30.05,4.06,2.92,0,0
PJ,PJ6,2004,130,4,2,0.9652208904064898,5.35,18,28.35,4.06,2.92,3,1
PJ,PJ1,2004,133,3,6,0.7733706658730111,3.7,14.7,31,0.275,3.8,1,1
PJ,PJ6,2004,133,3,3,0.7733706658730111,4.2,14.7,30.2,0.275,3.8,1,1
PJ,PJ1,2004,136,3,7,0.4801504249701294,3.9,20.9,31.1,0.275,4.05,0,0
PJ,PJ6,2004,136,3,4,0.4801504249701294,4.1,20.9,30.4,0.275,4.05,1,1
PJ,PJ1,2004,141,5,8,0.1360626402308191,3.1,24.8,31.15,4.55,3.716666666666667,1,1
PJ,PJ6,2004,141,5,5,0.1360626402308191,3.2,24.8,30.6,4.55,3.716666666666667,2,1
PJ,PJ1,2004,145,4,9,0.0407635921694667,3.9,22.4,30.7,2.58,3.8,1,1
PJ,PJ1,2004,152,7,10,0.4461456017252124,5.7,20.4,30.25,7.25,3.7875,9,1
PJ,PJ3,2004,152,7,1,0.4461456017252124,6.3,20.4,30.2,7.25,3.7875,0,0
PJ,PJ2,2004,158,6,1,0.9342103764035702,6,12.1,27,16.957142857142856,4.171428571428572,2,1
PJ,PJ3,2004,164,6,2,0.7589133904620916,7.9,18.8,29,0.5857142857142857,3.2,5,1
PJ,PJ3,2004,168,4,3,0.2879953085172811,8.5,12.7,28.05,18.34,4.5600000000000005,6,1
PJ,PJ1,2004,173,5,11,0.037881024261259125,10.9,21.4,29.5,0,3.6666666666666665,17,1
PJ,PJ2,2004,173,5,2,0.037881024261259125,11,21.4,29.8,0,3.6666666666666665,15,1
PJ,PJ1,2004,179,6,12,0.2601412046713006,10.95,17.7,27.85,4.5,3.7,11,1
PJ,PJ2,2004,186,7,3,0.8263193751568018,11.3,19.4,27.4,3.4375,3.7875,7,1
PJ,PJ1,2005,68,5,2,0.31733807655729385,3.95,16.2,28,5.733333333333333,2.933333333333333,4,1
PJ,PJ1,2005,72,4,3,0.03304288733112857,4.7,10.6,28.5,4.82,2.4,2,1
PJ,PJ1,2005,76,4,4,0.11660511053532269,4.9,19.2,28.6,5,3.64,14,1
PJ,PJ1,2005,80,4,5,0.461508262758365,5.3,17.3,28.2,0.8200000000000001,3.8,10,1
PJ,PJ6,2005,110,4,2,0.5091720295249317,3.35,20.5,27.55,5.48,3.5,3,1
PJ,PJ6,2005,114,4,3,0.8651700182157478,2.9000000000000004,12.4,27.9,2.56,3.34,4,1
PJ,PJ1,2005,130,5,6,0.09993594238078604,2.2,22.4,25.7,5.35,3.8,3,1
PJ,PJ1,2005,133,3,7,0.036741670463581,2.9000000000000004,19,23.15,3.925,2.325,1,1
PJ,PJ1,2005,138,5,8,0.31238663415764606,4.8,13.2,24.450000000000003,0,2.8833333333333333,0,0
PJ,PJ1,2005,143,5,9,0.7833660070141376,5.55,17.200000000000003,28.3,1.9666666666666668,2.4166666666666665,5,1
PJ,PJ1,2005,145,2,10,0.9849524363848476,5.449999999999999,14,28.5,6.666666666666667,3.2666666666666666,2,1
PJ,PJ1,2005,149,4,11,0.9273214389153924,6,18.2,27.8,17.58,3.3400000000000003,2,1
PJ,PJ2,2005,149,4,1,0.9273214389153924,6.3,18.2,27,17.58,3.3400000000000003,12,1
PJ,PJ1,2005,152,3,12,0.6725120826644031,6.800000000000001,15.8,27.65,0.9000000000000001,3.25,12,1
PJ,PJ2,2005,152,3,2,0.6725120826644031,6.9,15.8,27.7,0.9000000000000001,3.25,27,1
PJ,PJ1,2005,155,3,13,0.3678505888594675,8.5,9.3,28.2,15.7,4.6,19,1
PJ,PJ2,2005,155,3,3,0.3678505888594675,8.55,9.3,28.4,15.7,4.6,27,1
PJ,PJ1,2005,159,4,14,0.092964632203584,9.7,17.900000000000002,26.6,4.32,3.2,20,1
PJ,PJ2,2005,159,4,4,0.092964632203584,9.7,17.900000000000002,26.6,4.32,3.2,22,1
PJ,PJ1,2005,162,3,15,0.023152915427983395,9.55,19.1,27.5,4.4,3.1,7,1
PJ,PJ2,2005,162,3,5,0.023152915427983395,10,19.1,27.55,4.4,3.1,14,1
PJ,PJ2,2005,165,3,6,0.17285902216344018,9.5,15.5,28.55,0,3.925,11,1
PJ,PJ2,2005,169,4,7,0.5029551026140895,11.25,24,28,0,3.26,19,1
PJ,PJ2,2005,173,4,8,0.8611313273942127,13.2,27.700000000000003,27.75,0,2.88,4,1
PJ,PJ2,2005,176,3,9,0.9857261656913348,11.9,16.8,28.75,4.425,4.6,3,1
PJ,PJ1,2006,78,4,2,0.969472125403008,4.45,27.3,27.55,8.36,4.52,6,1
PJ,PJ2,2006,78,4,2,0.969472125403008,4.35,27.3,27.4,8.36,4.52,17,1
PJ,PJ1,2006,80,2,3,0.8346640946619113,3.5,22.4,28.15,7.133333333333333,5.933333333333334,18,1
PJ,PJ2,2006,80,2,3,0.8346640946619113,3.1,22.4,26.6,7.133333333333333,5.933333333333334,33,1
PJ,PJ1,2006,84,4,4,0.5518827273649638,4.75,17.2,27.2,4.5,3.8,21,1
PJ,PJ2,2006,84,4,4,0.5518827273649638,4.4,17.2,25.3,4.5,3.8,50,1
PJ,PJ1,2006,88,4,5,0.1771347455068517,4.449999999999999,14.5,26.7,5.12,3.72,6,1
PJ,PJ2,2006,88,4,5,0.1771347455068517,4.1,14.5,24.8,5.12,3.72,23,1
PJ,PJ1,2006,91,3,6,0.01574599353164008,4.949999999999999,18.7,27.6,2.85,3.35,7,1
PJ,PJ2,2006,91,3,6,0.01574599353164008,4.8,18.7,27,2.85,3.35,12,1
PJ,PJ1,2006,95,4,7,0.1228991778242351,5.75,15.3,27.4,8.14,3.46,8,1
PJ,PJ2,2006,95,4,7,0.1228991778242351,5.65,15.3,28.3,8.14,3.46,6,1
PJ,PJ1,2006,99,4,8,0.47188402388425,5.050000000000001,16.7,25.200000000000003,10.82,5.279999999999999,17,1
PJ,PJ2,2006,99,4,8,0.47188402388425,4.949999999999999,16.7,26.5,10.82,5.279999999999999,22,1
PJ,PJ1,2006,102,3,9,0.8077536571488119,4.05,14.3,25.65,0,3.25,9,1
PJ,PJ2,2006,102,3,9,0.8077536571488119,3.9,14.3,25.5,0,3.25,3,1
PJ,PJ1,2006,106,4,10,0.9729592135439484,2.4,18.5,27.8,2.96,4.48,5,1
PJ,PJ2,2006,106,4,10,0.9729592135439484,2.2,18.5,26.9,2.96,4.48,2,1
PJ,PJ1,2006,109,3,11,0.8998765058577889,1.4,19,28.4,0.35,4.125,6,1
PJ,PJ1,2006,137,4,13,0.9705781382548124,6,21.3,29.9,1.08,3.8,0,0
PJ,PJ2,2006,137,4,12,0.9705781382548124,6.4,21.3,29.65,1.08,3.8,2,1
PJ,PJ1,2006,141,4,14,0.7485992078220111,4.6,13.5,29.9,0,3.9,2,1
PJ,PJ2,2006,141,4,13,0.7485992078220111,4.85,13.5,29.4,0,3.9,5,1
PJ,PJ1,2006,144,3,15,0.4047397836119405,5.449999999999999,18.6,29.95,0,3.675,0,0
PJ,PJ2,2006,144,3,14,0.4047397836119405,5.55,18.6,29.950000000000003,0,3.675,2,1
PJ,PJ2,2006,148,4,15,0.11370669148469736,7.05,17.2,30.65,0,3.16,1,1
PJ,PJ3,2006,152,4,1,0.03409714751794283,9.3,20.5,31.5,0.14,2.84,4,1
PJ,PJ1,2006,156,4,16,0.27207004308292987,8.6,21.1,30.8,4.14,3.84,7,1
PJ,PJ3,2006,156,4,2,0.27207004308292987,8.95,21.1,31.35,4.14,3.84,10,1
PJ,PJ1,2006,158,2,17,0.5691397081382343,8.2,16.4,30.6,1.2666666666666666,2.9,1,1
PJ,PJ3,2006,158,2,3,0.5691397081382343,8.3,16.4,30.75,1.2666666666666666,2.9,2,1
PJ,PJ1,2006,162,4,18,0.8356389192222419,8.4,19.7,30.15,3.8,2.7,0,0
PJ,PJ3,2006,162,4,4,0.8356389192222419,8.8,19.7,30.1,3.8,2.7,5,1
PJ,PJ1,2006,165,3,19,0.9854266246837986,11.3,20.5,30.05,0.525,2.825,0,0
PJ,PJ3,2006,165,3,5,0.9854266246837986,11.55,20.5,30.05,0.525,2.825,3,1
PJ,PJ3,2006,169,4,6,0.8660221211655532,13.25,21.2,30.45,0.6799999999999999,3,4,1
PJ,PJ1,2006,172,3,20,0.5622068410512606,13.1,22.2,31,0.05,3.825,3,1
PJ,PJ3,2006,172,3,7,0.5622068410512606,13.1,22.2,30.85,0.05,3.825,0,0
PJ,PJ1,2006,178,6,21,0.16384661322802013,12.85,18.5,30.3,5.828571428571428,3.942857142857143,1,1
PJ,PJ3,2006,178,6,8,0.16384661322802013,12.8,18.5,30.2,5.828571428571428,3.942857142857143,1,1
PJ,PJ1,2007,72,4,2,0.6858766235279291,5.4,18.8,22.7,11.64,4,15,1
PJ,PJ1,2007,86,3,3,0.285936140787324,2.7,15.2,30.1,0.175,2.55,3,1
PJ,PJ1,2008,88,4,1,0.9060679636344472,1.6,48.5,27.8,2.897567567567568,2.9336956521739133,2,1
PJ,PJ1,2007,94,8,4,0.7802004940029144,2.6500000000000004,21.2,29.8,0.9333333333333332,2.7333333333333334,1,1
PJ,PJ1,2007,118,4,5,0.4822731166640916,2.4,14.9,30.6,3.56,3.22,5,1
PJ,PJ1,2007,124,6,6,0.8900802293445582,3.3,19.7,25.65,11.585714285714284,2.4714285714285715,2,1
PJ,PJ3,2007,124,6,1,0.8900802293445582,4.5,19.7,21.2,11.585714285714284,2.4714285714285715,3,1
PJ,PJ1,2007,132,8,7,0.750496932996846,4.300000000000001,27.5,24,0.5333333333333333,3.466666666666667,3,1
PJ,PJ3,2007,132,8,2,0.750496932996846,4.5,27.5,24.6,0.5333333333333333,3.466666666666667,5,1
PJ,PJ1,2007,138,6,8,0.15333661997896553,4.4,19.3,27.3,9.814285714285717,3.257142857142857,3,1
PJ,PJ3,2007,138,6,3,0.15333661997896553,4.5,19.3,28,9.814285714285717,3.257142857142857,5,1
PJ,PJ1,2007,143,5,9,0.08168586080601173,6.7,19.700000000000003,29.1,0.7166666666666666,4.033333333333333,1,1
PJ,PJ3,2007,143,5,4,0.08168586080601173,7,19.700000000000003,29.1,0.7166666666666666,4.033333333333333,2,1
PJ,PJ2,2007,146,3,1,0.3767610174539317,6.9,16.400000000000002,29.2,1.5750000000000002,2.5,0,0
PJ,PJ1,2007,150,4,10,0.7240760881129078,9,23.7,28.7,1.66,3.78,2,1
PJ,PJ2,2007,150,4,2,0.7240760881129078,8.2,23.7,28.8,1.66,3.78,9,1
PJ,PJ6,2007,150,4,1,0.7240760881129078,9,23.7,28.8,1.66,3.78,4,1
PJ,PJ1,2007,154,4,11,0.9649189792414298,8.1,20.3,29.2,3.02,2.8200000000000003,5,1
PJ,PJ2,2007,154,4,3,0.9649189792414298,8.55,20.3,29,3.02,2.8200000000000003,4,1
PJ,PJ6,2007,154,4,2,0.9649189792414298,8.3,20.3,28.55,3.02,2.8200000000000003,8,1
PJ,PJ1,2007,158,4,12,0.8888500875261531,6.9,12.8,28.75,8.64,3.64,8,1
PJ,PJ2,2007,158,4,4,0.8888500875261531,7.05,12.8,28.450000000000003,8.64,3.64,1,1
PJ,PJ6,2007,158,4,3,0.8888500875261531,7.35,12.8,28.05,8.64,3.64,4,1
PJ,PJ1,2007,162,4,13,0.5477217338419392,7.3,13.9,27.9,0,3.18,6,1
PJ,PJ2,2007,162,4,5,0.5477217338419392,7.35,13.9,27.700000000000003,0,3.18,1,1
PJ,PJ6,2007,162,4,4,0.5477217338419392,7.899999999999999,13.9,27.700000000000003,0,3.18,9,1
PJ,PJ1,2007,170,8,14,0.10498456834658376,7.65,17.4,28.9,13.966666666666669,5.044444444444444,3,1
PJ,PJ2,2007,170,8,6,0.10498456834658376,7.75,17.4,28.75,13.966666666666669,5.044444444444444,1,1
PJ,PJ6,2007,170,8,5,0.10498456834658376,7.949999999999999,17.4,27.4,13.966666666666669,5.044444444444444,2,1
PJ,PJ1,2007,175,5,15,0.2429315311052833,8.95,25.200000000000003,29.950000000000003,0,2.75,2,1
PJ,PJ3,2007,175,5,5,0.2429315311052833,11,25.200000000000003,30,0,2.75,4,1
PJ,PJ2,2007,185,10,7,0.8345852977024345,16.1,23.4,28.1,3.745454545454545,2.4,0,0
PJ,PJ3,2007,185,10,6,0.8345852977024345,13.25,23.4,29,3.745454545454545,2.4,3,1
PJ,PJ4,2008,88,4,1,0.9060679636344472,1.6,14,29.3,0.14,2.74,1,1
PJ,PJ1,2008,92,4,2,0.5785306824574012,2.35,16.7,29.15,1.6599999999999997,4,2,1
PJ,PJ4,2008,92,4,2,0.5785306824574012,2.2,16.7,29.450000000000003,1.6599999999999997,4,2,1
PJ,PJ1,2008,99,7,3,0.12633864595513902,3.85,18.4,30.45,5.3,2.9125,3,1
PJ,PJ2,2008,99,7,1,0.12633864595513902,4.7,18.4,28,5.3,2.9125,0,0
PJ,PJ1,2008,106,7,4,0.23313871933614236,4.35,24,28.45,10.4125,3.675,2,1
PJ,PJ2,2008,106,7,2,0.23313871933614236,4.3,24,28.05,10.4125,3.675,2,1
PJ,PJ1,2008,112,6,5,0.8060163017304935,4.35,23.6,27.35,1.5142857142857142,4.3,3,1
PJ,PJ2,2008,128,4,3,0.05287611567366896,6.2,21.2,27.7,6.72,3.54,2,1
PJ,PJ3,2008,128,4,1,0.05287611567366896,6,21.2,28.6,6.72,3.54,1,1
PJ,PJ2,2008,135,7,4,0.19505645587676665,6,20.4,27.65,8.8125,3.875,8,1
PJ,PJ3,2008,135,7,2,0.19505645587676665,5.7,20.4,27.65,8.8125,3.875,2,1
PJ,PJ3,2008,143,8,3,0.8173647930362045,5.4,18.1,26.7,5.5,4.144444444444445,1,1
PJ,PJ3,2008,146,3,4,0.9406713543640914,NA,15.6,NA,0,3.125,3,1
PJ,PJ1,2008,165,5,6,0.2977034385579528,10.8,24.3,28.1,1.55,2.716666666666667,0,0
PJ,PJ2,2008,165,5,5,0.2977034385579528,11,24.3,27.9,1.55,2.716666666666667,3,1
PJ,PJ1,2008,170,5,7,0.7703482042887706,10.9,25.3,28.5,0.18333333333333332,2.533333333333333,1,1
PJ,PJ2,2008,170,5,6,0.7703482042887706,11.55,25.3,28.55,0.18333333333333332,2.533333333333333,1,1
PJ,PJ1,2009,140,3,1,0.4694643078103804,6.05,14.6,30.35,0.95,2.675,0,0
PJ,PJ6,2009,140,3,1,0.4694643078103804,6,14.6,29.2,0.95,2.675,1,1
PJ,PJ1,2009,145,5,2,0.1296859951364248,5.3,19.6,31.200000000000003,0.6333333333333333,3.45,2,1
PJ,PJ6,2009,145,5,2,0.1296859951364248,5.3,19.6,29.25,0.6333333333333333,3.45,2,1
PJ,PJ2,2009,147,2,1,0.00941567067736702,6.1,20.7,30.5,1.933333333333333,2.6,0,0
PJ,PJ6,2009,147,2,3,0.00941567067736702,4.9,20.7,30.7,1.933333333333333,2.6,1,1
PJ,PJ2,2009,151,4,2,0.14284187093675357,6.6,16.7,29.95,4.819999999999999,3.42,2,1
PJ,PJ6,2009,151,4,4,0.14284187093675357,6,16.7,30.25,4.819999999999999,3.42,1,1
PJ,PJ2,2009,154,3,3,0.4515071257242179,7.1,17.2,29.3,1.525,3.1,4,1
PJ,PJ6,2009,154,3,5,0.4515071257242179,6.6,17.2,30.950000000000003,1.525,3.1,1,1
PJ,PJ3,2009,158,4,1,0.7870639914829177,9.4,15,27.7,15.28,4.44,6,1
PJ,PJ6,2009,158,4,6,0.7870639914829177,8.25,15,29.450000000000003,15.28,4.44,1,1
PJ,PJ3,2009,161,3,2,0.977991091604632,8.55,17.1,28.55,11.175,3.325,0,0
PJ,PJ6,2009,161,3,7,0.977991091604632,8.899999999999999,17.1,28.3,11.175,3.325,4,1
PJ,PJ3,2009,165,4,3,0.9038493403720717,7.7,17.1,29.65,3.2,3.58,4,1
PJ,PJ6,2009,165,4,8,0.9038493403720717,7.85,17.1,29.5,3.2,3.58,2,1
PJ,PJ3,2009,168,3,4,0.6262385467530597,8.25,19.4,29.35,0,3.475,3,1
PJ,PJ6,2009,168,3,9,0.6262385467530597,8.25,19.4,29.25,0,3.475,2,1
PJ,PJ3,2009,173,5,5,0.240502644451208,9.6,23.6,28.5,10.633333333333333,3.716666666666667,3,1
PJ,PJ6,2009,173,5,10,0.240502644451208,9.65,23.6,28.75,10.633333333333333,3.716666666666667,8,1
PJ,PJ3,2009,175,2,6,0.02137764258807932,10.2,17,28.35,9.933333333333334,3.2666666666666666,2,1
PJ,PJ6,2009,175,2,11,0.02137764258807932,9.55,17,28.85,9.933333333333334,3.2666666666666666,4,1
PJ,PJ1,2009,179,4,3,0.06014340753175897,12.6,28.9,29.9,0.52,2.66,2,1
PJ,PJ6,2009,179,4,12,0.06014340753175897,9.85,28.9,29.9,0.52,2.66,2,1
PJ,PJ1,2009,181,2,4,0.25018412831802656,12.45,25.9,29.95,0.43333333333333335,2.933333333333333,0,0
PJ,PJ6,2009,181,2,13,0.25018412831802656,11.8,25.9,29.950000000000003,0.43333333333333335,2.933333333333333,5,1
PJ,PJ1,2010,87,5,1,0.6204403940732248,5.2,21.3,28.3,3.35,3.2,1,1
PJ,PJ6,2010,87,5,1,0.6204403940732248,5,21.3,27.7,3.35,3.2,10,1
PJ,PJ1,2010,92,5,2,0.9534842314462314,2.95,22.3,28.450000000000003,3.65,3.533333333333333,4,1
PJ,PJ6,2010,92,5,2,0.9534842314462314,2.85,22.3,28.15,3.65,3.533333333333333,12,1
PJ,PJ1,2010,95,3,3,0.8998091480024402,1.2,13.9,29.6,0,2.025,1,1
PJ,PJ6,2010,95,3,3,0.8998091480024402,1.2999999999999998,13.9,29.25,0,2.025,3,1
PJ,PJ3,2010,109,5,1,0.04459633754157592,1.9,14.9,29.6,1.0166666666666666,3.416666666666667,0,0
PJ,PJ6,2010,109,5,4,0.04459633754157592,2.2,14.9,28.7,1.0166666666666666,3.416666666666667,0,0
PJ,PJ3,2010,114,5,2,0.3717028878279368,3.05,13,29.5,0.55,3.5,4,1
PJ,PJ6,2010,114,5,5,0.3717028878279368,3.4,13,28.4,0.55,3.5,3,1
PJ,PJ6,2010,122,8,6,0.8822713835726921,5.1,13.8,26.55,14.500000000000002,4.0777777777777775,1,1
PJ,PJ3,2010,128,6,3,0.7371879395569332,7.1,20.7,28.5,0.6857142857142857,3.2285714285714286,1,1
PJ,PJ6,2010,128,6,7,0.7371879395569332,6,20.7,26.95,0.6857142857142857,3.2285714285714286,3,1
PJ,PJ2,2010,136,8,1,0.15393203274465805,6.7,19.2,26.1,11.077777777777778,4.777777777777778,6,1
PJ,PJ6,2010,136,8,8,0.15393203274465805,6.45,19.2,26.05,11.077777777777778,4.777777777777778,1,1
PJ,PJ3,2010,143,7,4,0.24876620647078584,8.8,24.7,27.9,8.6125,2.35,3,1
PJ,PJ6,2010,143,7,9,0.24876620647078584,7.5,24.7,25.15,8.6125,2.35,11,1
PJ,PJ2,2010,151,8,2,0.8581937763788231,9.6,20.3,NA,37.4,3.7777777777777777,2,1
PJ,PJ6,2010,151,8,10,0.8581937763788231,8.7,20.3,27.1,37.4,3.7777777777777777,1,1
PJ,PJ1,2010,158,7,4,0.7327301421802793,14,27.3,22.6,9.4,2.1375,0,0
PJ,PJ6,2010,158,7,11,0.7327301421802793,11,27.3,23.1,9.4,2.1375,8,1
PJ,PJ1,2010,164,6,5,0.16377151284239536,12.95,28.700000000000003,24.05,3.5142857142857142,3.085714285714286,0,0
PJ,PJ6,2010,164,6,12,0.16377151284239536,13.25,28.700000000000003,21.6,3.5142857142857142,3.085714285714286,9,1
PJ,PJ6,2010,170,6,13,0.1078315454592455,12.1,20.2,22.6,2.0285714285714285,2.9571428571428573,1,1
PJ,PJ6,2011,78,6,2,0.7191962210785648,3,24,NA,4.757142857142857,3,4,1
PJ,PJ6,2011,82,4,3,0.9776464391789964,3,18.6,NA,7.3,3.14,1,1
PJ,PJ6,2011,87,5,4,0.7712190383151084,1,21,NA,1.65,2.6333333333333333,6,1
PJ,PJ6,2011,92,5,5,0.2986669866224132,1,19.3,NA,5.533333333333332,1.9666666666666663,1,1
PJ,PJ6,2011,99,7,6,0.06240892592121036,5,28.8,NA,5.0125,2.7125,6,1
PJ,PJ1,2011,105,6,1,0.4831911600633696,2.3,22.8,NA,1.042857142857143,2.8285714285714287,3,1
PJ,PJ6,2011,105,6,7,0.4831911600633696,3.95,22.8,NA,1.042857142857143,2.8285714285714287,0,0
PJ,PJ1,2011,109,4,2,0.9087439345157958,3.15,22.6,NA,0,3.36,1,1
PJ,PJ1,2011,116,7,3,0.8585880787638039,2.65,25.700000000000003,28,0.2875,3.2875,0,0
PJ,PJ2,2011,116,7,1,0.8585880787638039,0.9,25.700000000000003,27.9,0.2875,3.2875,1,1
PJ,PJ1,2011,122,6,4,0.3063881020286937,2.2,22.1,26.35,11.585714285714287,3.7714285714285714,0,0
PJ,PJ2,2011,122,6,2,0.3063881020286937,2.15,22.1,26.05,11.585714285714287,3.7714285714285714,6,1
PJ,PJ1,2011,129,7,5,0.07122519190976487,3.85,24.4,25.1,1.2375,4.275,0,0
PJ,PJ2,2011,129,7,3,0.07122519190976487,4.1,24.4,25,1.2375,4.275,3,1
PJ,PJ2,2011,136,7,4,0.5746148501719905,5.55,15,25.85,1.75,3.75,1,1
PJ,PJ2,2011,143,7,5,0.9409109792559748,6.05,26.200000000000003,26.2,3.1875,3.3375,0,0
PJ,PJ2,2011,149,6,6,0.5454387934101069,5.25,14.3,26,0.4,3.271428571428572,2,1
PJ,PJ6,2011,149,6,8,0.5454387934101069,5.1,14.3,26.4,0.4,3.271428571428572,6,1
PP,PP1,2011,149,6,1,0.5454387934101069,4.2,14.3,26.1,0.4,3.271428571428572,4,1
PJ,PJ6,2011,156,7,9,0.07556115043962226,6.4,17.2,25.75,2.6375,3.7875,5,1
PP,PP1,2011,156,7,2,0.07556115043962226,5.75,17.2,26.75,2.6375,3.7875,4,1
PJ,PJ6,2011,163,7,10,0.3403342936660124,9.25,19.1,24.5,0.07499999999999998,3.1875,6,1
PJ,PJ6,2011,169,6,11,0.8870342198756513,11.15,19,23.2,14.014285714285714,4.414285714285715,1,1
PJ,PJ3,2011,176,7,1,0.7999704412966326,13.2,24.4,25.6,3.5125,2.925,4,1
NP,NP1,2012,87,6,1,0.04434628977153526,4.449999999999999,23.2,28.85,3.142857142857143,3.185714285714286,5,1
PJ,PJ1,2012,87,6,1,0.04434628977153526,5.4,23.2,24.2,3.142857142857143,3.185714285714286,4,1
NP,NP1,2012,94,7,2,0.40281858526483527,6,19.8,28.85,2.1,3.1375,11,1
NP,NP2,2012,94,7,1,0.40281858526483527,6.4,19.8,28.2,2.1,3.1375,8,1
PJ,PJ1,2012,92,5,2,0.3033115956534849,5.1,18.6,NA,2.6666666666666665,3.316666666666667,3,1
PJ,PJ6,2012,92,5,1,0.3033115956534849,5.8,18.6,NA,2.6666666666666665,3.316666666666667,0,0
PJ,PJ1,2012,98,6,3,0.806098709906612,5.1,21.3,26.8,0.1142857142857143,2.6142857142857143,8,1
PJ,PJ6,2012,98,6,2,0.806098709906612,6.2,21.3,25.7,0.1142857142857143,2.6142857142857143,2,1
NP,NP1,2012,101,7,3,0.9224885134503044,6.050000000000001,15.9,29.15,0.10000000000000002,2.3875,10,1
NP,NP2,2012,101,7,2,0.9224885134503044,6,15.9,28.95,0.10000000000000002,2.3875,12,1
PJ,PJ1,2012,103,5,4,0.941537755409431,6,16.299999999999997,28.2,0.4166666666666667,2.45,3,1
PJ,PJ6,2012,103,5,3,0.941537755409431,5.9,16.299999999999997,27.5,0.4166666666666667,2.45,0,0
NP,NP1,2012,108,7,4,0.665899543940994,5.45,16.1,29.5,0.6624999999999999,2.625,4,1
NP,NP2,2012,108,7,3,0.665899543940994,5.1,16.1,29,0.6624999999999999,2.625,4,1
PJ,PJ1,2012,109,6,5,0.5296311943130287,6.1,18.4,27.5,1.157142857142857,2.628571428571429,0,0
NP,NP1,2012,114,6,5,0.11665940098463642,6.050000000000001,19.9,30,0.8285714285714286,2.642857142857143,2,1
NP,NP2,2012,114,6,4,0.11665940098463642,5.5,19.9,29.3,0.8285714285714286,2.642857142857143,4,1
PJ,PJ1,2012,114,5,6,0.08216433304751913,6.8,19.9,28.3,0.9666666666666666,2.8166666666666664,0,0
NP,NP1,2012,121,7,6,0.19513470475527067,6.4,22.4,30,3.425,3.6857142857142855,6,1
NP,NP2,2012,121,7,5,0.19513470475527067,6.300000000000001,22.4,29.15,3.425,3.6857142857142855,4,1
PJ,PJ2,2012,120,6,1,0.15266114257801075,6.5,22.4,27.3,3.914285714285714,3.633333333333333,4,1
PJ,PJ6,2012,120,6,4,0.15266114257801075,6.7,22.4,26,3.914285714285714,3.633333333333333,0,0
PJ,PJ2,2012,126,6,2,0.681912498636045,5.5,16.1,25.7,3.0571428571428574,3.6,3,1
NP,NP1,2012,128,7,7,0.7950359563050196,6.050000000000001,19.6,29.75,2.675,3.7875,3,1
NP,NP2,2012,128,7,6,0.7950359563050196,6.2,19.6,28,2.675,3.7875,8,1
PJ,PJ2,2012,131,5,3,0.9675908957593286,6.7,21.8,27.4,0.6833333333333333,4.366666666666667,2,1
PJ,PJ6,2012,131,5,5,0.9675908957593286,6.9,21.8,27.9,0.6833333333333333,4.366666666666667,2,1
PP,PP1,2012,131,5,1,0.9675908957593286,6,21.8,26.2,0.6833333333333333,4.366666666666667,4,1
NP,NP1,2012,137,9,8,0.7682868841849183,7.550000000000001,24.9,30.1,0.46,3.41,9,1
NP,NP2,2012,137,9,7,0.7682868841849183,9.6,24.9,29.1,0.46,3.41,4,1
PP,PP1,2012,136,5,2,0.7229887813233564,10.5,24.9,27.6,0.13333333333333333,2.75,1,1
PP,PP1,2012,142,6,3,0.21576429416754409,13.9,21.2,27.2,0.04285714285714286,1.7285714285714286,0,0
NP,NP1,2012,143,6,9,0.14690102640883393,9.6,21.2,30.5,0.04285714285714285,1.7571428571428571,5,1
NP,NP2,2012,143,6,8,0.14690102640883393,11.2,21.2,29.700000000000003,0.04285714285714285,1.7571428571428571,9,1
PJ,PJ3,2012,149,7,1,0.10849382724355786,8.3,25.4,28.5,0,3.175,1,1
PP,PP1,2012,149,7,4,0.10849382724355786,8.2,25.4,28.1,0,3.175,3,1
NP,NP1,2012,149,6,10,0.1216041993012932,9.4,25.2,30.75,0,3.4571428571428573,2,1
NP,NP2,2012,149,6,9,0.1216041993012932,10.8,25.2,29.85,0,3.4571428571428573,3,1
PP,PP1,2012,154,5,5,0.5888451812892803,9.5,14.4,27.2,3.633333333333333,3.183333333333333,1,1
PJ,PJ1,2013,75,5,1,0.03239285098137416,7.3,20.9,28.6,1.6666666666666667,2.1166666666666667,2,1
PJ,PJ6,2013,75,5,1,0.03239285098137416,6.9,20.9,26.6,1.6666666666666667,2.1166666666666667,2,1
PJ,PJ1,2013,79,4,2,0.22300529348408388,7.3,24.4,28.6,2.84,2.82,2,1
PJ,PJ6,2013,79,4,2,0.22300529348408388,7.7,24.4,26.6,2.84,2.82,2,1
NP,NP1,2013,84,8,1,0.5084241143213502,4.4,27.4,30.3,2.1333333333333333,3.2222222222222223,6,1
NP,NP2,2013,84,8,1,0.5084241143213502,0.9,27.4,29.9,2.1333333333333333,3.2222222222222223,10,1
PJ,PJ6,2013,84,5,3,0.655433517607032,6.25,27.4,NA,0.8833333333333332,3.65,1,1
NP,NP1,2013,91,7,2,0.9421811205251014,3.55,33.5,31.25,0.4749999999999999,2.725,3,1
NP,NP2,2013,91,7,2,0.9421811205251014,2.5,33.5,30.3,0.4749999999999999,2.725,1,1
PJ,PJ6,2013,89,5,4,0.9610217170259558,2.25,19.6,NA,0.08333333333333333,2.6166666666666667,0,0
NP,NP1,2013,98,7,3,0.516264992435717,4.15,22.6,31.1,1.8125,3.65,4,1
NP,NP2,2013,98,7,3,0.516264992435717,3.7,22.6,30.05,1.8125,3.65,8,1
PJ,PJ6,2013,99,3,5,0.2249834726196257,NA,13.3,NA,0.2,2.3,0,0
NP,NP2,2013,105,7,4,0.06046439483483479,3.25,22.5,29.7,3.4,3.1875,4,1
NP,NP1,2013,111,6,4,0.36267135030447056,0.7,17.6,28.4,1.9285714285714284,3.128571428571429,9,1
NP,NP2,2013,111,6,5,0.36267135030447056,1.75,17.6,29.1,1.9285714285714284,3.128571428571429,12,1
PJ,PJ6,2013,112,6,6,0.4575699505518143,1.5,17.6,NA,4.357142857142857,3.5285714285714285,0,0
NP,NP1,2013,118,7,5,0.8897522557639128,2.6,17.6,29.2,3.7375,3.3875,7,1
NP,NP2,2013,118,7,6,0.8897522557639128,2.35,17.6,28.8,3.7375,3.3875,3,1
PJ,PJ6,2013,118,6,7,0.9221274338132786,3,10.4,NA,4.271428571428571,3.5142857142857142,1,1
PP,PP1,2013,118,6,1,0.9221274338132786,3,10.4,NA,4.271428571428571,3.5142857142857142,2,1
NP,NP1,2013,125,7,6,0.7407823091235329,4.45,11.8,29.55,3.5625000000000004,3.2625,5,1
NP,NP2,2013,125,7,7,0.7407823091235329,4.5,11.8,29.4,3.5625000000000004,3.2625,10,1
PJ,PJ3,2013,125,7,1,0.7407823091235329,3.8,11.8,26.2,3.5625000000000004,3.2625,1,1
PP,PP1,2013,125,7,2,0.7407823091235329,3.85,11.8,26.1,3.5625000000000004,3.2625,1,1
NP,NP1,2013,133,8,7,0.13530537622180244,4.85,15.8,29.65,2.6333333333333337,4.7,8,1
NP,NP2,2013,133,8,8,0.13530537622180244,5.4,15.8,29.9,2.6333333333333337,4.7,5,1
NP,NP1,2013,142,9,8,0.3734488966855151,4.65,17.8,30,3.97,3.59,17,1
NP,NP2,2013,142,9,9,0.3734488966855151,5.15,17.8,29.85,3.97,3.59,8,1
PJ,PJ3,2013,142,7,2,0.4559392727555341,4,12.4,25.5,2.5375,3.6375,0,0
PP,PP1,2013,142,7,3,0.4559392727555341,3.7,12.4,26.6,2.5375,3.6375,1,1
NP,NP1,2013,149,7,9,0.9353818754402204,5.1,19.3,29.8,0.575,3.0625,8,1
NP,NP2,2013,149,7,10,0.9353818754402204,4.8,19.3,30,0.575,3.0625,5,1
PJ,PJ3,2013,147,5,3,0.931804569130861,4.4,16.9,26.35,0.7666666666666666,3.1833333333333336,1,1
PP,PP1,2013,147,5,4,0.931804569130861,4.15,16.9,26.950000000000003,0.7666666666666666,3.1833333333333336,2,1
PJ,PJ3,2013,155,8,4,0.735071621755453,5.5,19.3,27.15,0.7,3.333333333333333,0,0
PP,PP1,2013,155,8,5,0.735071621755453,5.1,19.3,27.450000000000003,0.7,3.333333333333333,4,1
NP,NP1,2013,154,5,10,0.7139863054745941,6.45,18.3,30.05,1.05,3.5,7,1
NP,NP2,2013,154,5,11,0.7139863054745941,6.1,18.3,29.9,1.05,3.5,6,1
PJ,PJ3,2013,161,6,5,0.14070506345309405,9.55,30.2,27.700000000000003,0.4714285714285714,3.5,0,0
PP,PP1,2013,161,6,6,0.14070506345309405,9.35,30.2,27.1,0.4714285714285714,3.5,0,0
NP,NP2,2014,99,7,1,0.21376499769326124,2.35,24.1,30.2,4.725,2.2875,1,1
PJ,PJ6,2014,98,6,1,0.16991320348647015,1,22.200000000000003,NA,5.4,2.3,0,0
PJ,PJ6,2014,104,6,2,0.7052570380612243,0.95,19,NA,0.1857142857142857,2.4,3,1
NP,NP1,2014,104,2,1,0.8834815540298193,2,17.6,30.3,0,2.8666666666666667,2,1
NP,NP2,2014,104,2,2,0.8834815540298193,NA,17.6,NA,0,2.8666666666666667,0,0
PJ,PJ6,2014,109,5,3,0.966582078246962,1.45,23.700000000000003,NA,7.166666666666667,4.05,0,0
PJ,PJ6,2014,112,3,4,0.795367053492548,2.75,26,NA,5.95,2.8,0,0
NP,NP2,2014,124,8,3,0.08092740836806459,NA,19.3,NA,0.0875,3.025,0,0
NP,NP1,2014,120,3,2,0.07874018128133085,0.5,14.4,29.7,0.05,3.2,1,1
PJ,PJ2,2014,124,6,1,0.044112292318226144,1,19.3,NA,0.1,2.9857142857142858,2,1
NP,NP1,2014,124,4,3,0.03414856143163373,0.5,19.3,29.7,0.1,2.8000000000000003,0,0
NP,NP1,2014,131,7,3,0.42171133333991456,5.5,32.8,30.6,0.025000000000000005,2.75,4,1
NP,NP2,2014,131,7,4,0.42171133333991456,5.2,32.8,28.7,0.025000000000000005,2.75,1,1
PJ,PJ1,2014,130,6,1,0.3721698772698546,3.2,30.5,NA,0.02857142857142857,2.8142857142857145,1,1
PJ,PJ2,2014,130,6,2,0.3721698772698546,2.3,30.5,NA,0.02857142857142857,2.8142857142857145,1,1
PJ,PJ1,2014,134,4,2,0.835804642808239,2.75,27,NA,8.48,3.58,0,0
PJ,PJ2,2014,134,4,3,0.835804642808239,3.05,27,NA,8.48,3.58,0,0
NP,NP1,2014,138,7,4,0.9278339203763992,4.5,27,30.450000000000003,5.275,3.825,1,1
NP,NP2,2014,138,7,5,0.9278339203763992,4.3,27,29.2,5.275,3.825,1,1
PJ,PJ2,2014,140,6,4,0.9390637394654536,4.5,25.4,NA,2.3285714285714283,3.9,0,0
NP,NP1,2014,145,7,5,0.6478762310152815,3.85,26.2,30.700000000000003,2.0375,3.6,2,1
NP,NP2,2014,145,7,6,0.6478762310152815,4.15,26.2,29.95,2.0375,3.6,2,1
PJ,PJ3,2014,147,7,1,0.46246795954681263,3.9,26.2,NA,2.0375000000000005,4.0375,3,1
NP,NP1,2014,152,7,6,0.09621827897545736,4.45,23.9,30.200000000000003,19.15,4.4,2,1
NP,NP2,2014,152,7,7,0.09621827897545736,5.050000000000001,23.9,28.75,19.15,4.4,1,1
PJ,PJ2,2014,152,5,5,0.0425900370399505,7,19.3,NA,25.53333333333333,4.216666666666667,0,0
PP,PP1,2014,152,5,1,0.0425900370399505,6.5,19.3,NA,25.53333333333333,4.216666666666667,1,1
NP,NP1,2014,161,9,7,0.3820083096258711,6.1,19.5,29.25,5.03,3.44,5,1
NP,NP2,2014,161,9,8,0.3820083096258711,6.949999999999999,19.5,27.5,5.03,3.44,10,1
PP,PP1,2014,158,6,2,0.23887761005330185,7.35,18.6,NA,2.942857142857143,3.257142857142857,2,1
PJ,PJ3,2014,165,7,3,0.8091215958137699,10.25,24.8,NA,4.575,3.7875,0,0
PP,PP1,2014,165,7,3,0.8091215958137699,10.1,24.8,NA,4.575,3.7875,0,0
NP,NP1,2015,130,7,1,0.922724929955086,1.75,30.3,29.3,4.6,2.475,1,1
NP,NP2,2015,133,3,1,0.5993884516858081,3.1,22.1,28.35,2.425,2.5250000000000004,1,1
NP,NP1,2015,140,7,2,0.1651773592098552,2.15,19.6,25.4,4.624999999999999,3.4125,1,1
NP,NP2,2015,140,7,2,0.1651773592098552,2.75,19.6,28.05,4.624999999999999,3.4125,9,1
PP,PP1,2015,140,7,2,0.1651773592098552,2.95,19.6,NA,4.624999999999999,3.4125,5,1
PJ,PJ6,2015,139,6,2,0.18873809058523816,3,19.1,NA,4.985714285714285,3.6,0,0
PJ,PJ6,2015,145,6,3,0.0909358813949551,3.55,16.9,NA,2.242857142857143,2.8142857142857145,0,0
PP,PP1,2015,145,5,3,0.10473049350992422,3.6,16.9,NA,2.6166666666666667,2.85,3,1
NP,NP1,2015,144,4,3,0.07142709568786865,1.75,14,25.75,2.76,2.98,1,1
NP,NP2,2015,144,4,3,0.07142709568786865,1.7999999999999998,14,27.6,2.76,2.98,2,1
NP,NP1,2015,147,3,4,0.3248111066654796,3.95,21.3,26.4,5.55,2.5,1,1
NP,NP2,2015,147,3,4,0.3248111066654796,3.95,21.3,26,5.55,2.5,8,1
PJ,PJ1,2015,151,6,1,0.5740382110485086,5.5,21.3,NA,5.5285714285714285,3.0142857142857142,0,0
PP,PP1,2015,151,6,4,0.5740382110485086,5.75,21.3,NA,5.5285714285714285,3.0142857142857142,11,1
NP,NP1,2015,151,4,5,0.6753457121663493,5.1,14.9,27.25,6.5,3.08,5,1
NP,NP2,2015,151,4,5,0.6753457121663493,5.25,14.9,27,6.5,3.08,11,1
PJ,PJ1,2015,157,6,2,0.9520002194423473,7,19.8,NA,1.342857142857143,3.242857142857143,1,1
PP,PP1,2015,157,6,5,0.9520002194423473,7.1,19.8,NA,1.342857142857143,3.242857142857143,10,1
NP,NP1,2015,154,3,6,0.9375369168628804,5.55,19.8,28.9,1.275,3.25,8,1
NP,NP2,2015,154,3,6,0.9375369168628804,5.95,19.8,28,1.275,3.25,8,1
NP,NP1,2015,161,7,7,0.8618730151415784,6.5,17.2,28.55,1.725,3.5125,14,1
NP,NP2,2015,161,7,7,0.8618730151415784,7.050000000000001,17.2,27.35,1.725,3.5125,15,1
PJ,PJ2,2015,161,4,1,0.7844925400853482,6.5,12.9,NA,1.64,3.6,0,0
PP,PP1,2015,161,4,6,0.7844925400853482,7.5,12.9,NA,1.64,3.6,5,1
PJ,PJ3,2015,167,6,1,0.31167583174180286,11,23.4,NA,0.5857142857142857,2.8142857142857145,6,1
PP,PP1,2015,167,6,7,0.31167583174180286,9.5,23.4,NA,0.5857142857142857,2.8142857142857145,9,1
NP,NP1,2015,166,5,8,0.35315245988878263,7.2,23.4,28.6,0.6833333333333333,2.8666666666666667,34,1
NP,NP2,2015,166,5,8,0.35315245988878263,8.35,23.4,29.15,0.6833333333333333,2.8666666666666667,24,1
PJ,PJ1,2016,114,4,1,0.91408648038552,6.9,22.1,27.4,0.06,3.44,0,0
PJ,PJ6,2016,114,4,1,0.91408648038552,6.7,22.1,26.3,0.06,3.44,2,1
PJ,PJ3,2016,137,9,2,0.18471102109453968,6.4,29.5,NA,5.569999999999999,3.23,1,1
PJ,PJ6,2016,137,9,3,0.18471102109453968,6.25,29.5,NA,5.569999999999999,3.23,0,0
PJ,PJ3,2016,143,6,3,0.8017582700275561,6.5,22.1,NA,2.185714285714285,3.6142857142857134,1,1
PJ,PJ6,2016,143,6,4,0.8017582700275561,6.25,22.1,NA,2.185714285714285,3.6142857142857134,0,0
PJ,PJ3,2016,151,8,4,0.8426791455360995,6.35,25,NA,1.6888888888888889,4.088888888888889,1,1
PJ,PJ6,2016,151,8,5,0.8426791455360995,6.25,25,NA,1.6888888888888889,4.088888888888889,0,0
PJ,PJ6,2016,156,5,6,0.2948754796738523,6.9,23,NA,5.466666666666667,4.316666666666666,1,1
PP,PP1,2016,156,5,1,0.2948754796738523,6,23,NA,5.466666666666667,4.316666666666666,4,1
PP,PP1,2016,165,9,2,0.11660253372930852,8,21.6,NA,6.2,4.23,5,1
PJ,PJ6,2017,126,6,1,0.3146727968504145,NA,25.2,NA,0.9,3.971428571428572,0,0
PP,PP1,2017,126,6,2,0.3146727968504145,NA,25.2,NA,0.9,3.971428571428572,5,1
PP,PP1,2017,133,7,3,0.8637003687661763,1,28.9,NA,1.9875,3.5875,0,0
PJ,PJ6,2018,139,6,1,0.04648983424137591,5.2,14.6,NA,6.171428571428571,4.371428571428572,0,0
PP,PP1,2018,139,6,1,0.04648983424137591,5.2,14.6,NA,6.171428571428571,4.371428571428572,8,1
PJ,PJ6,2018,143,4,2,0.22651984981558704,5.1,17.700000000000003,NA,1.52,3.4,0,0
PP,PP1,2018,143,4,2,0.22651984981558704,5,17.700000000000003,NA,1.52,3.4,26,1
PJ,PJ6,2018,148,5,3,0.6593976983718705,5,16.6,NA,0,2.783333333333333,0,0
PP,PP1,2018,148,5,3,0.6593976983718705,4.4,16.6,NA,0,2.783333333333333,2,1
PJ,PJ6,2019,100,4,1,0.0525749764911127,3.3,18.4,NA,2.7,2.76,2,1
PJ,PJ1,2019,105,5,1,0.3817450870486,NA,15,NA,5.299999999999999,3.466666666666667,0,0
PJ,PJ6,2019,105,5,2,0.3817450870486,NA,15,NA,5.299999999999999,3.466666666666667,3,1
PJ,PJ1,2019,111,6,2,0.8612156308221623,3,18.4,NA,4.985714285714286,3.571428571428572,0,0
PJ,PJ6,2019,111,6,3,0.8612156308221623,3,18.4,NA,4.985714285714286,3.571428571428572,2,1
PJ,PJ6,2019,114,3,4,0.964081051337303,4,16.4,NA,4.65,2.725,0,0
PJ,PJ6,2019,119,5,5,0.690032448435928,0,17.5,23.2,5.083333333333333,3.9,0,0
PJ,PJ3,2019,133,6,2,0.21060124694360652,8.3,24.700000000000003,21.69,3.342857142857143,3.0428571428571427,0,0
PP,PP1,2019,133,6,2,0.21060124694360652,6.4,24.700000000000003,26.1,3.342857142857143,3.0428571428571427,3,1
NP,NP1,2019,139,7,2,0.7053808752174071,5.15,20.4,26.295,0.0625,3.175,7,1
PJ,PJ3,2019,140,7,3,0.7835456674769404,6,20.4,26.82,0.0625,3.1,0,0
PP,PP1,2019,140,7,3,0.7835456674769404,6.4,20.4,26.99,0.0625,3.1,1,1
NP,NP2,2019,148,9,2,0.8364996454456788,4.7,19.1,24.49,3.28,3.75,0,0
PJ,PJ3,2019,146,6,4,0.8984518964118617,7.1,18.6,NA,4.685714285714286,4.042857142857143,0,0
NP,NP1,2019,155,7,3,0.1998420790271539,6.75,24.1,27.095,2.825,3.95,20,1
PJ,PJ6,2020,57,4,1,0.036708427134871616,4.699999999999999,17.5,26.25,0,2.7,2,1
PJ,PJ1,2020,61,4,1,0.10719209610565408,5.9,13,26.15,9.56,3.58,5,1
PJ,PJ6,2020,61,4,2,0.10719209610565408,5.65,13,25.59,9.56,3.58,0,0
PJ,PJ1,2020,64,3,2,0.3935342887926781,5.300000000000001,10.5,23.73,6.35,2.95,5,1
PJ,PJ6,2020,64,3,3,0.3935342887926781,5.2,10.5,23.975,6.35,2.95,0,0
PJ,PJ1,2020,67,3,3,0.69701604700892,4.1,13.7,23.66,2.875,2.5,2,1
PJ,PJ6,2020,67,3,4,0.69701604700892,4.35,13.7,23.61,2.875,2.5,1,1
PJ,PJ1,2020,70,3,4,0.9229153200341196,2.9,11.9,24.67,0.625,2.475,1,1
PJ,PJ6,2020,70,3,5,0.9229153200341196,3.55,11.9,23.19,0.625,2.475,2,1
PJ,PJ1,2020,74,4,5,0.9651150516284454,4.5,27.4,26.26,0.46,4.08,3,1
PJ,PJ6,2020,74,4,6,0.9651150516284454,4.9,27.4,22.94,0.46,4.08,3,1
PP,PP1,2020,74,3,1,0.9587848234684716,4.85,27.4,26.77,0.575,4.425,3,1
PP,PP1,2020,83,9,2,0.4827842140977498,4.2,21.8,26.84,1.45,2.85,6,1
PJ,PJ1,2020,76,2,6,0.8183415837218563,6.800000000000001,12.2,27.52,0.5,1.8666666666666665,3,1
PJ,PJ6,2020,76,2,7,0.8183415837218563,6.800000000000001,12.2,24.845,0.5,1.8666666666666665,3,1
PJ,PJ1,2020,83,7,7,0.3885211976490468,5.050000000000001,21.8,27.02,1.8125,3.0375,5,1
PJ,PJ6,2020,83,7,8,0.3885211976490468,5.050000000000001,21.8,26.79,1.8125,3.0375,1,1
PJ,PJ1,2020,85,2,8,0.03886742229862905,3.45,21.8,27.105,0,1.3333333333333337,3,1
PJ,PJ6,2020,85,2,9,0.03886742229862905,3.45,21.8,27.105,0,1.3333333333333337,0,0
PP,PP1,2020,85,2,3,0.03886742229862905,2.55,21.8,27.115,0,1.3333333333333337,0,0
NP,NP2,2020,89,5,1,0.03938150110390447,3.7,21,26.73,1.9,3.1,2,1
PJ,PJ1,2020,90,5,9,0.06678428117048435,4.2,17.5,27.21,1.9,3.4833333333333334,1,1
PJ,PJ6,2020,90,5,10,0.06678428117048435,4.15,17.5,26.735,1.9,3.4833333333333334,1,1
PP,PP1,2020,90,5,4,0.06678428117048435,4.05,17.5,27.17,1.9,3.4833333333333334,2,1
NP,NP2,2020,91,2,2,0.20081237212253056,3.95,13.3,26.69,0,2.7333333333333334,0,0
PJ,PJ6,2020,92,2,11,0.2901646494721093,4.6,13.5,26.375,0,2.1333333333333333,0,0
PP,PP1,2020,92,2,5,0.2901646494721093,4.4,13.5,26.865,0,2.1333333333333333,1,1
NP,NP2,2020,96,5,3,0.5428530763873756,4.2,18.8,26.34,0,1.5,8,1
PJ,PJ2,2020,96,4,1,0.5940312960412457,4.55,18.8,26.515,0,1.44,2,1
PJ,PJ6,2020,96,4,12,0.5940312960412457,4.949999999999999,18.8,26.135,0,1.44,1,1
PP,PP1,2020,96,4,6,0.5940312960412457,4.6,18.8,26.575000000000003,0,1.44,0,0
NP,NP2,2020,103,7,4,0.9335860061132064,5.5,19.8,26.115,4.825,2.7666666666666666,2,1
PJ,PJ2,2020,103,7,2,0.9335860061132064,5.15,19.8,26.275,4.825,2.7666666666666666,7,1
PP,PP1,2020,103,7,7,0.9335860061132064,5.25,19.8,26.66,4.825,2.7666666666666666,2,1
PJ,PJ6,2020,99,4,13,0.8545509015522704,5.35,15.7,24.98,5.4,2.6,0,0
NP,NP2,2020,109,6,5,0.6734216698881118,4.55,21.3,25.86,5.728571428571429,2.857142857142857,2,1
PJ,PJ2,2020,109,6,3,0.6734216698881118,4.75,21.3,25.935,5.728571428571429,2.857142857142857,0,0
PJ,PJ6,2020,109,6,14,0.6734216698881118,5,21.3,25.695,5.728571428571429,2.857142857142857,0,0
PP,PP1,2020,109,6,8,0.6734216698881118,5.050000000000001,21.3,26.58,5.728571428571429,2.857142857142857,0,0
NP,NP2,2020,113,4,6,0.20202661247255108,3.1,17.4,25.395,0.3,2.98,0,0
PJ,PJ2,2020,113,4,4,0.20202661247255108,3.4000000000000004,17.4,26.03,0.3,2.98,1,1
PJ,PJ6,2020,113,4,15,0.20202661247255108,3.7,17.4,26.265,0.3,2.98,0,0
PP,PP1,2020,113,4,9,0.20202661247255108,2.8000000000000003,17.4,26.27,0.3,2.98,0,0
NP,NP1,2020,117,4,1,0.02285386391140452,4.45,21.1,27.265,0,2.44,7,1
NP,NP2,2020,117,4,7,0.02285386391140452,4.699999999999999,21.1,26.28,0,2.44,0,0
PJ,PJ2,2020,117,4,5,0.02285386391140452,4.4,21.1,26.3,0,2.44,0,0
PJ,PJ6,2020,117,4,16,0.02285386391140452,4.5,21.1,25.875,0,2.44,0,0
PP,PP1,2020,117,4,10,0.02285386391140452,3.4000000000000004,21.1,26.415,0,2.44,0,0
NP,NP1,2020,123,6,2,0.260519535448057,4.95,19.200000000000003,27.54,3.042857142857143,3.785714285714286,10,1
NP,NP2,2020,123,6,8,0.260519535448057,4.8,19.200000000000003,26.66,3.042857142857143,3.785714285714286,0,0
PJ,PJ2,2020,123,6,6,0.260519535448057,5.4,19.200000000000003,26.3,3.042857142857143,3.785714285714286,0,0
PJ,PJ6,2020,123,6,17,0.260519535448057,5.550000000000001,19.200000000000003,26.31,3.042857142857143,3.785714285714286,0,0
PP,PP1,2020,123,6,11,0.260519535448057,5.300000000000001,19.200000000000003,26.81,3.042857142857143,3.785714285714286,0,0
PJ,PJ2,2020,130,7,7,0.8266109435073401,5.4,25.5,26.375,2.1625,3.85,1,1
NP,NP1,2020,127,4,3,0.7335128953705887,5,22.3,26.95,1.94,3.66,7,1
NP,NP1,2020,133,6,4,0.9559070820422284,6.85,23.1,27.42,1.085714285714286,3.6714285714285713,9,1
PP,PP1,2020,137,5,12,0.7676851520158665,9.05,16.9,26.89,0.4666666666666666,3.45,0,0
PP,PP3,2020,137,5,1,0.7676851520158665,8.95,16.9,25.82,0.4666666666666666,3.45,0,0
NP,NP1,2020,137,4,5,0.7302999674951024,7.1,16.7,27.265,0.5599999999999999,3.7,14,1
NP,NP3,2020,137,4,1,0.7302999674951024,9.05,16.7,25.495,0.5599999999999999,3.7,3,1
NP,NP1,2020,145,8,6,0.2010911754349444,7,21.9,26.380000000000003,9.566666666666666,3.888888888888889,34,1
NP,NP3,2020,145,8,2,0.2010911754349444,8,21.9,24.74,9.566666666666666,3.888888888888889,5,1
PP,PP3,2020,145,8,2,0.2010911754349444,7.5,21.9,24.59,9.566666666666666,3.888888888888889,0,0
PJ,PJ6,2021,47,5,1,0.04340925840503755,6.25,23,28.340000000000003,3.733333333333333,2.4333333333333336,1,1
PJ,PJ2,2021,54,2,1,0.5099371244366063,3.4,12.4,29.51,0,1.6666666666666663,0,0
PJ,PJ6,2021,54,2,2,0.5099371244366063,4.3,12.4,29.46,0,1.6666666666666663,0,0
PP,PP1,2021,54,2,1,0.5099371244366063,3.65,12.4,29.35,0,1.6666666666666663,0,0
PJ,PJ2,2021,69,2,2,0.3625342201905106,4.85,13.4,28.22,0.43333333333333335,2.9,1,1
PJ,PJ6,2021,69,2,3,0.3625342201905106,5.4,13.4,29.505,0.43333333333333335,2.9,0,0
PP,PP1,2021,69,2,2,0.3625342201905106,4.25,13.4,28.93,0.43333333333333335,2.9,3,1
PJ,PJ5,2021,72,3,1,0.1464171969373853,5,14.4,29.17,0,2.1,2,1
PJ,PJ6,2021,72,3,4,0.1464171969373853,5,14.4,29.17,0,2.1,0,0
PP,PP1,2021,72,3,3,0.1464171969373853,2.5,14.4,28.785,0,2.1,2,1
PJ,PJ5,2021,76,4,2,0.022377084137263647,5.1,17.5,28.515,0,1.58,1,1
PJ,PJ6,2021,76,4,5,0.022377084137263647,5.1,17.5,28.515,0,1.58,0,0
PP,PP1,2021,76,4,4,0.022377084137263647,4.25,17.5,29.345,0,1.58,3,1
PJ,PJ5,2021,80,4,3,0.18110460345251048,5.4,17,28.345,6.86,4.24,0,0
PJ,PJ6,2021,80,4,6,0.18110460345251048,5.4,17,28.345,6.86,4.24,1,1
PP,PP1,2021,80,4,5,0.18110460345251048,4.6,17,29.53,6.86,4.24,9,1
PJ,PJ5,2021,83,3,4,0.5066431871025711,4.5,16.9,28.495,0.25,2.225,2,1
PJ,PJ6,2021,83,3,7,0.5066431871025711,4.5,16.9,28.495,0.25,2.225,0,0
PP,PP1,2021,83,3,6,0.5066431871025711,3.2,16.9,29.145000000000003,0.25,2.225,3,1
NP,NP1,2021,86,3,1,0.7948617556895187,3.95,16.5,30.89,0,3.275,5,1
NP,NP3,2021,86,3,1,0.7948617556895187,2.4,16.5,28.575000000000003,0,3.275,2,1
PP,PP1,2021,86,3,7,0.7948617556895187,1.95,16.5,29.225,0,3.275,4,1
PP,PP3,2021,86,3,1,0.7948617556895187,2.95,16.5,28.295,0,3.275,8,1
NP,NP1,2021,89,3,2,0.9669674078846808,3.05,12.7,30.595,2.15,3.15,5,1
NP,NP3,2021,89,3,2,0.9669674078846808,1.35,12.7,29.3,2.15,3.15,1,1
PP,PP1,2021,89,3,8,0.9669674078846808,1.2000000000000002,12.7,29.34,2.15,3.15,6,1
PP,PP3,2021,89,3,2,0.9669674078846808,2.45,12.7,28.965,2.15,3.15,4,1
NP,NP1,2021,95,6,3,0.8553774537496163,2.55,19.8,29.935,9.142857142857144,4.557142857142857,3,1
NP,NP3,2021,95,6,3,0.8553774537496163,2.8,19.8,30.335,9.142857142857144,4.557142857142857,4,1
PP,PP1,2021,95,6,9,0.8553774537496163,2.1500000000000004,19.8,29.83,9.142857142857144,4.557142857142857,6,1
PP,PP3,2021,95,6,3,0.8553774537496163,2.7,19.8,28.795,9.142857142857144,4.557142857142857,2,1
NP,NP1,2021,100,5,4,0.37240121127110726,1.7,18.9,30.09,2.6166666666666663,2.5666666666666664,4,1
NP,NP3,2021,100,5,4,0.37240121127110726,3.1500000000000004,18.9,30,2.6166666666666663,2.5666666666666664,4,1
PP,PP1,2021,100,5,10,0.37240121127110726,2.7,18.9,29.78,2.6166666666666663,2.5666666666666664,7,1
PP,PP3,2021,100,5,4,0.37240121127110726,2.2,18.9,28.700000000000003,2.6166666666666663,2.5666666666666664,5,1
PP,PP1,2021,103,3,11,0.06101973707544176,2.45,14.6,30.185,5.949999999999999,1.9,0,0
PP,PP3,2021,103,3,5,0.06101973707544176,2.35,14.6,29.485,5.949999999999999,1.9,5,1
NP,NP1,2021,102,2,5,0.08007601470032642,3,14.6,30.805,7.6,1.9,0,0
NP,NP3,2021,102,2,5,0.08007601470032642,3.75,14.6,30.015,7.6,1.9,2,1
NP,NP1,2021,121,6,6,0.954654196794996,4.4,15.7,29.065,5.1,3.1714285714285717,1,1
NP,NP3,2021,121,6,6,0.954654196794996,4.949999999999999,15.7,28.555,5.1,3.1714285714285717,15,1
NP,NP1,2021,124,3,7,0.8084288148053297,4.05,18.1,29.45,2.8500000000000005,3.75,0,0
NP,NP3,2021,124,3,7,0.8084288148053297,4.699999999999999,18.1,27.83,2.8500000000000005,3.75,10,1
NP,NP4,2021,124,3,1,0.8084288148053297,4.25,18.1,28.695,2.8500000000000005,3.75,1,1
PP,PP1,2021,124,3,12,0.8084288148053297,4.55,18.1,29.82,2.8500000000000005,3.75,3,1
PP,PP3,2021,124,3,6,0.8084288148053297,5.15,18.1,27.34,2.8500000000000005,3.75,5,1
NP,NP1,2021,128,4,8,0.4727406873275274,2.9000000000000004,12.9,29.53,0,3,2,1
NP,NP3,2021,128,4,8,0.4727406873275274,3.95,12.9,28.135,0,3,2,1
NP,NP4,2021,128,4,2,0.4727406873275274,2.5,12.9,27.975,0,3,0,0
PP,PP1,2021,128,4,13,0.4727406873275274,4.1,12.9,30.025,0,3,2,1
PP,PP3,2021,128,4,7,0.4727406873275274,4.65,12.9,28.43,0,3,2,1
NP,NP1,2021,131,3,9,0.15078645932934642,4.65,23.4,30.61,0,2.966666666666667,0,0
NP,NP3,2021,131,3,9,0.15078645932934642,6.15,23.4,29.37,0,2.966666666666667,3,1
NP,NP4,2021,131,3,3,0.15078645932934642,5.2,23.4,28.45,0,2.966666666666667,1,1
PJ,PJ7,2021,131,3,1,0.15078645932934642,6.4,23.4,27.03,0,2.966666666666667,1,1
PP,PP1,2021,131,3,14,0.15078645932934642,6.4,23.4,29.555,0,2.966666666666667,1,1
PP,PP3,2021,131,3,8,0.15078645932934642,5.15,23.4,29.445,0,2.966666666666667,0,0
NP,NP1,2021,137,6,10,0.05216138860204213,5.6,27.9,30.115,0,3.3714285714285714,2,1
NP,NP3,2021,137,6,10,0.05216138860204213,7.1,27.9,29.585,0,3.3714285714285714,1,1
NP,NP4,2021,137,6,4,0.05216138860204213,6.3,27.9,29.95,0,3.3714285714285714,4,1
PJ,PJ7,2021,137,6,2,0.05216138860204213,6.25,27.9,27.425,0,3.3714285714285714,0,0
PP,PP1,2021,137,6,15,0.05216138860204213,5.1,27.9,29.715,0,3.3714285714285714,4,1
PP,PP3,2021,137,6,9,0.05216138860204213,5.2,27.9,29.21,0,3.3714285714285714,0,0
NP,NP1,2021,142,5,11,0.4015543339392733,6.6,22.1,29.035,4.566666666666666,2.1833333333333336,1,1
NP,NP3,2021,142,5,11,0.4015543339392733,7.6,22.1,28.995,4.566666666666666,2.1833333333333336,5,1
PJ,PJ7,2021,142,5,3,0.4015543339392733,7.3,22.1,22.82,4.566666666666666,2.1833333333333336,0,0
PP,PP1,2021,142,5,16,0.4015543339392733,6,22.1,30.075,4.566666666666666,2.1833333333333336,3,1
PP,PP3,2021,142,5,10,0.4015543339392733,6.85,22.1,28.635,4.566666666666666,2.1833333333333336,0,0
NP,NP1,2021,145,3,12,0.7898087697794146,8.8,24.4,29.58,0.325,2.325,6,1
NP,NP3,2021,145,3,12,0.7898087697794146,10.8,24.4,28.245,0.325,2.325,0,0
NP,NP5,2021,145,3,1,0.7898087697794146,10.8,24.4,28.245,0.325,2.325,2,1
PJ,PJ7,2021,145,3,4,0.7898087697794146,10.25,24.4,21.79,0.325,2.325,0,0
PP,PP1,2021,145,3,17,0.7898087697794146,9.35,24.4,29.565,0.325,2.325,0,0
PP,PP3,2021,145,3,11,0.7898087697794146,9.85,24.4,29.435,0.325,2.325,0,0
NP,NP1,2021,151,6,13,0.9557608038496866,9.25,24.9,30.18,4.185714285714285,3.7142857142857135,4,1
NP,NP3,2021,151,6,13,0.9557608038496866,11.8,24.9,28.3,4.185714285714285,3.7142857142857135,2,1
NP,NP5,2021,151,6,2,0.9557608038496866,11.8,24.9,28.3,4.185714285714285,3.7142857142857135,6,1
PJ,PJ7,2021,150,5,5,0.9660895059264027,10.5,24.9,25.505000000000003,4.883333333333334,3.65,0,0
PP,PP1,2021,150,5,18,0.9660895059264027,9.4,24.9,29.91,4.883333333333334,3.65,3,1
PP,PP3,2021,150,5,12,0.9660895059264027,10.4,24.9,29.31,4.883333333333334,3.65,0,0
PJ,PJ7,2021,157,7,6,0.6620980077450146,10.4,23.9,26.415,3.275,3.3375,0,0
PP,PP1,2021,157,7,19,0.6620980077450146,9.3,23.9,30.455,3.275,3.3375,2,1
PP,PP3,2021,157,7,13,0.6620980077450146,10,23.9,28.9,3.275,3.3375,0,0
NP,NP1,2021,157,6,14,0.6209733091856589,10.15,23.9,30.3,3.7428571428571424,3.4285714285714284,5,1
NP,NP3,2021,157,6,14,0.6209733091856589,11.05,23.9,29.175,3.7428571428571424,3.4285714285714284,3,1
NP,NP5,2021,157,6,3,0.6209733091856589,11.05,23.9,29.175,3.7428571428571424,3.4285714285714284,1,1
NP,NP1,2021,160,3,15,0.1910803154459355,11.2,19.7,30.77,0,2.275,1,1
NP,NP3,2021,160,3,15,0.1910803154459355,12.15,19.7,29.7,0,2.275,3,1
NP,NP5,2021,160,3,4,0.1910803154459355,12.15,19.7,29.7,0,2.275,0,0
PJ,PJ7,2021,160,3,7,0.1910803154459355,11.8,19.7,27.095,0,2.275,0,0
PP,PP1,2021,160,3,20,0.1910803154459355,10.3,19.7,30.515,0,2.275,0,0
PP,PP3,2021,160,3,14,0.1910803154459355,11.8,19.7,28.715,0,2.275,0,0
NP,NP1,2021,165,5,16,0.03260845705781998,11.5,16.200000000000003,30.265,0.13333333333333333,3.25,4,1
NP,NP3,2021,165,5,16,0.03260845705781998,12.9,16.200000000000003,29.275,0.13333333333333333,3.25,6,1
PP,PP1,2021,165,5,21,0.03260845705781998,9.95,16.200000000000003,30.91,0.13333333333333333,3.25,0,0
PP,PP3,2021,165,5,15,0.03260845705781998,12.85,16.200000000000003,28.915,0.13333333333333333,3.25,0,0
NP,NP1,2022,67,2,1,0.07986491237211575,5.75,21.2,30.27,4.066666666666666,3.3000000000000003,1,1
NP,NP3,2022,67,2,1,0.07986491237211575,4.75,21.2,28.81,4.066666666666666,3.3000000000000003,6,1
NP,NP5,2022,67,2,1,0.07986491237211575,4,21.2,27.54,4.066666666666666,3.3000000000000003,4,1
NP,NP1,2022,71,4,2,0.32124051535768355,4.6,20.6,29.75,6.46,3.14,3,1
NP,NP3,2022,71,4,2,0.32124051535768355,4.65,20.6,28.3,6.46,3.14,11,1
NP,NP5,2022,71,4,2,0.32124051535768355,3.9,20.6,26.75,6.46,3.14,4,1
NP,NP1,2022,74,3,3,0.6716956327042289,3.45,23.6,29.85,1.0749999999999995,2.525,2,1
NP,NP3,2022,74,3,3,0.6716956327042289,3.45,23.6,28.05,1.0749999999999995,2.525,6,1
NP,NP5,2022,74,3,3,0.6716956327042289,3.2,23.6,27.65,1.0749999999999995,2.525,2,1
NP,NP3,2022,81,7,4,0.9379233418708618,2.8,26.9,28.525,4.1,4.2875,7,1
NP,NP5,2022,81,7,4,0.9379233418708618,2.8,26.9,28.525,4.1,4.2875,6,1
NP,NP1,2022,85,4,4,0.7482012186132484,2.55,16.9,29.675,0.96,2.78,0,0
NP,NP5,2022,85,4,5,0.7482012186132484,2.85,16.9,29.995,0.96,2.78,0,0
PP,PP1,2022,85,4,1,0.7482012186132484,1.75,16.9,29.77,0.96,2.78,2,1
PP,PP3,2022,85,4,1,0.7482012186132484,2.95,16.9,28.745,0.96,2.78,3,1
NP,NP1,2022,89,4,5,0.356718192009931,1.85,22,29.255000000000003,0.26,2.1,0,0
PP,PP1,2022,89,4,2,0.356718192009931,0.95,22,30.175,0.26,2.1,5,1
PP,PP3,2022,89,4,2,0.356718192009931,3.05,22,29.74,0.26,2.1,3,1
NP,NP5,2022,88,3,6,0.4042749680273035,2.7,22,30.065,0.32500000000000007,2.125,0,0
NP,NP6,2022,95,3,1,0.01735253287669765,2.1,33.8,30.935,0,1.525,3,1
PP,PP1,2022,95,3,3,0.01735253287669765,0.55,33.8,29.76,0,1.525,0,0
PP,PP3,2022,95,3,3,0.01735253287669765,1.25,33.8,29.455,0,1.525,3,1
NP,NP5,2022,99,4,7,0.18892328742433792,3,23,28.61,10.66,2.78,1,1
NP,NP6,2022,99,4,2,0.18892328742433792,3.55,23,30.76,10.66,2.78,5,1
PP,PP1,2022,99,4,4,0.18892328742433792,1.5,23,28.59,10.66,2.78,4,1
PP,PP3,2022,99,4,4,0.18892328742433792,2.75,23,29.41,10.66,2.78,5,1
NP,NP1,2022,102,3,6,0.5172219959118954,3.35,16.6,29.495,7.625,2.375,5,1
NP,NP3,2022,102,3,5,0.5172219959118954,4.2,16.6,19.58,7.625,2.375,14,1
NP,NP5,2022,102,3,8,0.5172219959118954,4.2,16.6,27.765,7.625,2.375,0,0
PP,PP1,2022,102,3,5,0.5172219959118954,3.25,16.6,28.165,7.625,2.375,4,1
PP,PP3,2022,102,3,5,0.5172219959118954,4.3,16.6,28.58,7.625,2.375,1,1
NP,NP1,2022,107,5,7,0.8623432942511483,3.2,33.599999999999994,29.745,2.166666666666667,3.1333333333333333,6,1
NP,NP3,2022,107,5,6,0.8623432942511483,3.9,33.599999999999994,27.85,2.166666666666667,3.1333333333333333,2,1
NP,NP5,2022,107,5,9,0.8623432942511483,3.9,33.599999999999994,27.85,2.166666666666667,3.1333333333333333,0,0
NP,NP6,2022,107,5,3,0.8623432942511483,2.3,33.599999999999994,27.91,2.166666666666667,3.1333333333333333,6,1
PP,PP1,2022,107,5,6,0.8623432942511483,5.1,33.599999999999994,28.44,2.166666666666667,3.1333333333333333,5,1
PP,PP3,2022,107,5,6,0.8623432942511483,3.55,33.599999999999994,27.755,2.166666666666667,3.1333333333333333,3,1
NP,NP1,2022,113,6,8,0.9031298549737204,2.9,33.2,29.395,2.442857142857143,4.357142857142857,3,1
NP,NP3,2022,113,6,7,0.9031298549737204,3.9,33.2,27.845,2.442857142857143,4.357142857142857,1,1
NP,NP6,2022,113,6,4,0.9031298549737204,2.7,33.2,29.06,2.442857142857143,4.357142857142857,1,1
PP,PP1,2022,113,6,7,0.9031298549737204,1.85,33.2,29.37,2.442857142857143,4.357142857142857,0,0
PP,PP3,2022,113,6,7,0.9031298549737204,2.45,33.2,27.525,2.442857142857143,4.357142857142857,4,1
NP,NP1,2022,116,3,9,0.5617366533775426,4.8,21,28.87,4.7,3.65,4,1
NP,NP3,2022,116,3,8,0.5617366533775426,5.15,21,27.305,4.7,3.65,2,1
PJ,PJ7,2022,116,3,1,0.5617366533775426,4.3,21,21.475,4.7,3.65,2,1
PP,PP1,2022,116,3,8,0.5617366533775426,4.45,21,29.355,4.7,3.65,0,0
PP,PP3,2022,116,3,8,0.5617366533775426,4.5,21,27.49,4.7,3.65,1,1
NP,NP1,2022,121,5,10,0.190367398195985,4.8,15.8,29.535,3.85,3.283333333333333,0,0
NP,NP3,2022,121,5,9,0.190367398195985,4.7,15.8,28.155,3.85,3.283333333333333,1,1
NP,NP7,2022,121,5,1,0.190367398195985,4.7,15.8,28.155,3.85,3.283333333333333,1,1
PJ,PJ7,2022,121,5,2,0.190367398195985,4.9,15.8,21.96,3.85,3.283333333333333,0,0
PP,PP1,2022,121,5,9,0.190367398195985,4,15.8,29.25,3.85,3.283333333333333,0,0
PP,PP3,2022,121,5,9,0.190367398195985,5.5,15.8,27.99,3.85,3.283333333333333,1,1
NP,NP1,2022,124,3,11,0.014041824165037478,4.3,17.7,31.09,0.875,2.9,1,1
NP,NP3,2022,124,3,10,0.014041824165037478,4.35,17.7,29.075,0.875,2.9,1,1
NP,NP7,2022,124,3,2,0.014041824165037478,4.35,17.7,29.075,0.875,2.9,0,0
PJ,PJ7,2022,124,3,3,0.014041824165037478,4.7,17.7,26.46,0.875,2.9,0,0
PP,PP3,2022,124,3,10,0.014041824165037478,5,17.7,27.865,0.875,2.9,1,1
NP,NP1,2022,130,6,12,0.2390599257135776,5.199999999999999,25.6,30.205,2.2857142857142856,2.657142857142857,2,1
NP,NP3,2022,130,6,11,0.2390599257135776,6.1,25.6,29.105,2.2857142857142856,2.657142857142857,0,0
NP,NP7,2022,130,6,3,0.2390599257135776,6.1,25.6,29.105,2.2857142857142856,2.657142857142857,0,0
PJ,PJ7,2022,130,6,4,0.2390599257135776,5.95,25.6,28.185,2.2857142857142856,2.657142857142857,0,0
PP,PP3,2022,130,6,11,0.2390599257135776,5.050000000000001,25.6,27.605,2.2857142857142856,2.657142857142857,0,0
NP,NP1,2022,134,4,13,0.7096855865365175,4.9,16.9,28.565,5.06,3.04,3,1
NP,NP3,2022,134,4,12,0.7096855865365175,6,16.9,28.505000000000003,5.06,3.04,1,1
NP,NP7,2022,134,4,4,0.7096855865365175,6,16.9,28.505000000000003,5.06,3.04,0,0
PJ,PJ7,2022,134,4,5,0.7096855865365175,6.75,16.9,26.195,5.06,3.04,0,0
PP,PP1,2022,134,4,10,0.7096855865365175,5.35,16.9,28.84,5.06,3.04,3,1
PP,PP3,2022,134,4,12,0.7096855865365175,6.25,16.9,28.155,5.06,3.04,1,1
PJ,PJ7,2022,142,8,6,0.922354173024216,8.15,26.7,25.84,1.577777777777778,2.8222222222222224,0,0
NP,NP1,2022,137,3,14,0.952788555361358,5.65,21.3,30.335,0,2.3,5,1
NP,NP3,2022,137,3,13,0.952788555361358,6,21.3,30.51,0,2.3,0,0
NP,NP7,2022,137,3,5,0.952788555361358,5.949999999999999,21.3,30.5,0,2.3,0,0
PP,PP1,2022,137,3,11,0.952788555361358,7.1,21.3,29.5,0,2.3,0,0
PP,PP3,2022,137,3,13,0.952788555361358,7.05,21.3,29.625,0,2.3,0,0
NP,NP1,2022,143,6,15,0.8798892670543362,7.9,26,30.985,2.0285714285714285,3.0428571428571427,4,1
NP,NP3,2022,143,6,14,0.8798892670543362,8.100000000000001,26,30.895,2.0285714285714285,3.0428571428571427,0,0
NP,NP5,2022,143,6,10,0.8798892670543362,8.350000000000001,26,30.885,2.0285714285714285,3.0428571428571427,0,0
PP,PP1,2022,142,5,12,0.914890837805543,8.25,23.1,30.055,2.3666666666666667,3.05,0,0
PP,PP3,2022,142,5,14,0.914890837805543,8.1,23.1,29.845,2.3666666666666667,3.05,0,0
PJ,PJ7,2022,150,8,7,0.3769844241330429,8.350000000000001,21.4,24.12,3.777777777777777,3.6222222222222222,1,1
PP,PP1,2022,150,8,13,0.3769844241330429,6.449999999999999,21.4,29.755,3.777777777777777,3.6222222222222222,0,0
PP,PP3,2022,150,8,15,0.3769844241330429,6.85,21.4,29.045,3.777777777777777,3.6222222222222222,0,0
NP,NP1,2022,150,7,16,0.32843852433248666,6.05,21.4,29.52,4.25,3.6875,13,1
NP,NP3,2022,150,7,15,0.32843852433248666,6.550000000000001,21.4,28.72,4.25,3.6875,1,1
NP,NP5,2022,150,7,11,0.32843852433248666,6.550000000000001,21.4,28.72,4.25,3.6875,0,0
NP,NP1,2022,155,5,17,0.034905398142937666,5.35,18.2,30.98,2.533333333333333,3.416666666666667,2,1
NP,NP3,2022,155,5,16,0.034905398142937666,4.3,18.2,29.89,2.533333333333333,3.416666666666667,0,0
PJ,PJ1,2022,155,5,1,0.034905398142937666,8,18.2,28.125,2.533333333333333,3.416666666666667,0,0
PP,PP1,2022,155,5,14,0.034905398142937666,7,18.2,29.62,2.533333333333333,3.416666666666667,0,0
PJ,PJ1,2022,158,3,2,0.2192723132298292,9.05,15,27.35,5.699999999999999,4.075,0,0
NP,NP1,2023,67,3,1,0.9403527511393764,6.9,14.4,30.4,3.75,2.5,14,1
NP,NP3,2023,67,3,1,0.9403527511393764,6.75,14.4,29.855,3.75,2.5,12,1
NP,NP5,2023,67,2,1,0.9658574745839448,6.75,10,30.39,5,2.6,2,1
NP,NP1,2023,70,3,2,0.9761207890646828,5.6,13.9,29.265,1.15,1.7000000000000002,9,1
NP,NP3,2023,70,3,2,0.9761207890646828,5.9,13.9,29.61,1.15,1.7000000000000002,3,1
NP,NP5,2023,70,3,2,0.9761207890646828,5.4,13.9,29.05,1.15,1.7000000000000002,3,1
PP,PP3,2023,70,3,1,0.9761207890646828,5.8,13.9,28.89,1.15,1.7000000000000002,3,1
NP,NP1,2023,74,4,3,0.7792852545395126,6.15,17.799999999999997,29.29,5.080000000000001,3.14,10,1
NP,NP3,2023,74,4,3,0.7792852545395126,6.5,17.799999999999997,29.35,5.080000000000001,3.14,8,1
NP,NP5,2023,74,4,3,0.7792852545395126,6,17.799999999999997,28.785,5.080000000000001,3.14,11,1
PP,PP3,2023,74,4,2,0.7792852545395126,6.2,17.799999999999997,29.07,5.080000000000001,3.14,2,1
NP,NP1,2023,78,4,4,0.3927056766601118,6.25,15.6,29.625,5.74,4.74,3,1
NP,NP3,2023,78,4,4,0.3927056766601118,5.5,15.6,19.105,5.74,4.74,11,1
NP,NP5,2023,78,4,4,0.3927056766601118,5.5,15.6,29.025,5.74,4.74,8,1
PP,PP3,2023,78,4,3,0.3927056766601118,5.95,15.6,29.46,5.74,4.74,2,1
NP,NP1,2023,81,3,5,0.09879332990699392,5.449999999999999,16.7,30.125,6.175,2,9,1
NP,NP3,2023,81,3,5,0.09879332990699392,4.800000000000001,16.7,28.425,6.175,2,4,1
NP,NP5,2023,81,3,5,0.09879332990699392,6.6,16.7,28.98,6.175,2,1,1
PP,PP3,2023,81,3,4,0.09879332990699392,5.3,16.7,28.745,6.175,2,1,1
NP,NP1,2023,85,4,6,0.027369211627356917,5.05,10,29.62,13.52,2.32,5,1
NP,NP3,2023,85,4,6,0.027369211627356917,4.85,10,27.93,13.52,2.32,25,1
NP,NP5,2023,85,4,6,0.027369211627356917,4.85,10,28.43,13.52,2.32,5,1
PP,PP3,2023,85,4,5,0.027369211627356917,5.25,10,28.47,13.52,2.32,2,1
NP,NP1,2023,88,3,7,0.19406788890296311,4.65,17.700000000000003,27.825,11.95,3.5,9,1
NP,NP3,2023,88,3,7,0.19406788890296311,4.5,17.700000000000003,27.41,11.95,3.5,7,1
NP,NP5,2023,88,3,7,0.19406788890296311,4.5,17.700000000000003,26.415,11.95,3.5,11,1
PP,PP3,2023,88,3,6,0.19406788890296311,5.25,17.700000000000003,28.24,11.95,3.5,1,1
NP,NP1,2023,91,3,8,0.4792781532025641,5.43,17.8,28.105,0,2.475,4,1
NP,NP3,2023,91,3,8,0.4792781532025641,5.95,17.8,27.615,0,2.475,5,1
NP,NP5,2023,91,3,8,0.4792781532025641,5.7,17.8,27.115,0,2.475,8,1
PP,PP1,2023,91,3,1,0.4792781532025641,6.1,17.8,28.805,0,2.475,1,1
PP,PP3,2023,91,3,7,0.4792781532025641,6.15,17.8,28.53,0,2.475,0,0
NP,NP1,2023,94,3,10,0.7726484247538209,5.55,20,29.33,0.375,2.125,1,1
NP,NP3,2023,94,3,9,0.7726484247538209,6.15,20,28.495,0.375,2.125,3,1
NP,NP5,2023,94,3,9,0.7726484247538209,5.45,20,28.9,0.375,2.125,2,1
PP,PP1,2023,94,3,2,0.7726484247538209,5.550000000000001,20,29.705,0.375,2.125,1,1
PP,PP3,2023,94,3,9,0.7726484247538209,6.1,20,29.34,0.375,2.125,0,0
NP,NP1,2023,98,4,11,0.9650256330543046,5.1,31.7,30.42,0,3.66,2,1
NP,NP3,2023,98,4,10,0.9650256330543046,4.3,31.7,28.075000000000003,0,3.66,8,1
NP,NP5,2023,98,4,10,0.9650256330543046,4.1,31.7,29.76,0,3.66,1,1
PP,PP1,2023,98,4,3,0.9650256330543046,3.8,31.7,29.815,0,3.66,0,0
PP,PP3,2023,98,4,10,0.9650256330543046,4.35,31.7,28.915,0,3.66,1,1
PP,PP6,2023,98,4,1,0.9650256330543046,3.25,31.7,28.015,0,3.66,1,1
NP,NP1,2023,102,4,12,0.8885793017743744,5.5,23.6,30.39,0.46,2.8,5,1
NP,NP3,2023,102,4,11,0.8885793017743744,4.75,23.6,27.575000000000003,0.46,2.8,1,1
NP,NP5,2023,102,4,11,0.8885793017743744,4.95,23.6,29.555,0.46,2.8,2,1
PP,PP3,2023,102,4,11,0.8885793017743744,5,23.6,28.265,0.46,2.8,1,1
PP,PP6,2023,102,4,2,0.8885793017743744,4.1,23.6,28.385,0.46,2.8,7,1
NP,NP1,2023,107,5,13,0.4965938428536104,6.25,24.4,30.05,1.1833333333333331,2.7333333333333334,3,1
NP,NP3,2023,107,5,12,0.4965938428536104,6.8,24.4,28.72,1.1833333333333331,2.7333333333333334,4,1
NP,NP5,2023,107,5,12,0.4965938428536104,6.5,24.4,29.01,1.1833333333333331,2.7333333333333334,2,1
PP,PP1,2023,107,5,4,0.4965938428536104,6.75,24.4,29.85,1.1833333333333331,2.7333333333333334,1,1
PP,PP3,2023,107,5,12,0.4965938428536104,6.85,24.4,28.985,1.1833333333333331,2.7333333333333334,1,1
PP,PP6,2023,107,5,3,0.4965938428536104,6.85,24.4,28.895000000000003,1.1833333333333331,2.7333333333333334,0,0
NP,NP1,2023,112,5,14,0.08955612844759965,6.6,27.1,30.85,1.5333333333333334,3.2,3,1
NP,NP3,2023,112,5,13,0.08955612844759965,7.55,27.1,28.715,1.5333333333333334,3.2,8,1
NP,NP5,2023,112,5,13,0.08955612844759965,7.199999999999999,27.1,29.06,1.5333333333333334,3.2,6,1
PJ,PJ6,2023,112,5,1,0.08955612844759965,6.9,27.1,29.805,1.5333333333333334,3.2,2,1
PP,PP1,2023,112,5,5,0.08955612844759965,6.8,27.1,29.68,1.5333333333333334,3.2,1,1
PP,PP6,2023,112,5,4,0.08955612844759965,6.8,27.1,29.315,1.5333333333333334,3.2,2,1
NP,NP1,2023,115,3,15,0.04373533783946866,6.15,18.4,30.54,4.9,2.525,0,0
NP,NP3,2023,115,3,14,0.04373533783946866,7.15,18.4,28.465,4.9,2.525,1,1
NP,NP5,2023,115,3,14,0.04373533783946866,6.8,18.4,28.83,4.9,2.525,1,1
PJ,PJ7,2023,115,3,1,0.04373533783946866,6.699999999999999,18.4,26.840000000000003,4.9,2.525,1,1
PP,PP1,2023,115,3,6,0.04373533783946866,6.05,18.4,29.675,4.9,2.525,0,0
PP,PP6,2023,115,3,5,0.04373533783946866,6,18.4,29.455,4.9,2.525,0,0
PJ,PJ7,2023,121,6,2,0.3819437896148893,5.3,16.3,27.315,3.3714285714285714,2.9571428571428573,0,0
PP,PP1,2023,121,6,7,0.3819437896148893,4.449999999999999,16.3,29.56,3.3714285714285714,2.9571428571428573,0,0
PP,PP6,2023,121,6,6,0.3819437896148893,4.5,16.3,29.46,3.3714285714285714,2.9571428571428573,2,1
NP,NP1,2023,119,4,16,0.28167835376351724,4.35,14.6,29.53,2.24,2.9,3,1
NP,NP3,2023,119,4,15,0.28167835376351724,5.75,14.6,28.74,2.24,2.9,3,1
NP,NP5,2023,119,4,15,0.28167835376351724,4.8,14.6,29.485,2.24,2.9,0,0
NP,NP1,2023,123,4,17,0.6755624019187816,4,14.5,28.93,2.78,3.02,0,0
NP,NP3,2023,123,4,16,0.6755624019187816,5.1,14.5,28.705,2.78,3.02,3,1
NP,NP5,2023,123,4,16,0.6755624019187816,4.75,14.5,29.15,2.78,3.02,0,0
PJ,PJ7,2023,126,5,3,0.8686934555524427,5.25,16.700000000000003,28.32,3.766666666666667,3.5500000000000003,0,0
PP,PP1,2023,126,5,8,0.8686934555524427,4.6,16.700000000000003,29.355,3.766666666666667,3.5500000000000003,0,0
PP,PP6,2023,126,5,7,0.8686934555524427,4.85,16.700000000000003,29.2,3.766666666666667,3.5500000000000003,0,0
NP,NP1,2023,126,3,18,0.9376400108861273,5.699999999999999,14.7,28.62,5.275,3.775,3,1
NP,NP3,2023,126,3,17,0.9376400108861273,6.05,14.7,28.955,5.275,3.775,0,0
NP,NP5,2023,126,3,17,0.9376400108861273,6,14.7,28.03,5.275,3.775,0,0
NP,NP1,2023,130,4,19,0.9570253667346444,6.6,15.5,30.23,0,3.62,1,1
NP,NP3,2023,130,4,18,0.9570253667346444,7.3,15.5,29.585,0,3.62,3,1
PJ,PJ4,2023,130,4,1,0.9570253667346444,6.15,15.5,28.035,0,3.62,0,0
PJ,PJ7,2023,130,4,4,0.9570253667346444,6.75,15.5,28.555,0,3.62,0,0
PP,PP1,2023,130,4,9,0.9570253667346444,6.1,15.5,29.55,0,3.62,0,0
NP,NP3,2023,136,6,19,0.5959274685054505,6.65,16.2,28.385,10.6,3.8571428571428568,2,1
NP,NP7,2023,136,6,1,0.5959274685054505,6.45,16.2,30.14,10.6,3.8571428571428568,5,1
PJ,PJ7,2023,136,6,5,0.5959274685054505,7.05,16.2,28.015,10.6,3.8571428571428568,0,0
PJ,PJ8,2023,136,6,1,0.5959274685054505,7.05,16.2,28.015,10.6,3.8571428571428568,0,0
PP,PP1,2023,136,6,10,0.5959274685054505,6.199999999999999,16.2,29.145,10.6,3.8571428571428568,0,0
NP,NP1,2023,140,4,20,0.14056555814343208,5.2,18.5,30.045,0.36,2.9,0,0
NP,NP3,2023,140,4,20,0.14056555814343208,5.6,18.5,28.515,0.36,2.9,0,0
NP,NP7,2023,140,4,2,0.14056555814343208,5.4,18.5,30.27,0.36,2.9,1,1
PJ,PJ8,2023,140,4,2,0.14056555814343208,7.35,18.5,27.270000000000003,0.36,2.9,0,0
NP,NP1,2023,144,4,21,0.0265100012438917,6.9,20.3,29.98,0.5,2.54,0,0
NP,NP3,2023,144,4,21,0.0265100012438917,7,20.3,29.615,0.5,2.54,0,0
NP,NP7,2023,144,4,3,0.0265100012438917,7,20.3,29.365,0.5,2.54,5,1
PJ,PJ8,2023,144,4,3,0.0265100012438917,7.85,20.3,27.045,0.5,2.54,0,0
NP,NP1,2023,147,3,22,0.1891791340957601,8.95,19.4,29.525,2.15,3.425,0,0
NP,NP3,2023,147,3,22,0.1891791340957601,9.15,19.4,29.55,2.15,3.425,0,0
NP,NP7,2023,147,3,4,0.1891791340957601,9.6,19.4,30.07,2.15,3.425,2,1
PJ,PJ8,2023,147,3,4,0.1891791340957601,8.85,19.4,27.275,2.15,3.425,0,0
NP,NP2,2023,151,4,1,0.5242132573193174,8.9,20.5,28.825,1.94,2.86,0,0
NP,NP3,2023,151,4,23,0.5242132573193174,8.25,20.5,30.695,1.94,2.86,0,0
NP,NP7,2023,151,4,5,0.5242132573193174,8.15,20.5,30.625,1.94,2.86,7,1
PP,PP3,2023,151,4,13,0.5242132573193174,9.1,20.5,29.135,1.94,2.86,0,0
PP,PP7,2023,151,4,1,0.5242132573193174,9,20.5,29.49,1.94,2.86,0,0
NP,NP7,2023,155,4,6,0.8746892504990269,7.550000000000001,25.4,30.625,4.22,3.24,4,1
PP,PP3,2023,155,4,14,0.8746892504990269,9.85,25.4,29.41,4.22,3.24,0,0
PP,PP7,2023,155,4,2,0.8746892504990269,10.3,25.4,27.81,4.22,3.24,0,0
NP,NP7,2023,158,3,7,0.9845708986551566,8.45,15.099999999999998,30.08,1.6749999999999998,3.15,0,0
PP,PP3,2023,158,3,15,0.9845708986551566,10.3,15.099999999999998,29.425,1.6749999999999998,3.15,0,0
PP,PP8,2023,158,3,1,0.9845708986551566,10.9,15.099999999999998,28.435,1.6749999999999998,3.15,0,0
NP,NP1,2024,45,2,1,0.04500623981714488,7.6,20.4,27.97,0,2.966666666666667,2,1
NP,NP3,2024,45,2,1,0.04500623981714488,7.1,20.4,28.59,0,2.966666666666667,4,1
NP,NP5,2024,45,2,1,0.04500623981714488,7.1,20.4,28.59,0,2.966666666666667,3,1
NP,NP1,2024,49,4,2,0.2545100649382636,8.8,22.8,28.15,13.2,4.16,13,1
NP,NP5,2024,49,4,2,0.2545100649382636,8.15,22.8,28.01,13.2,4.16,15,1
NP,NP1,2024,51,2,3,0.5484424963872894,7.65,13.9,28.47,9.733333333333334,3.466666666666667,0,0
NP,NP3,2024,51,2,2,0.5484424963872894,8.75,13.9,27.635,9.733333333333334,3.466666666666667,9,1
NP,NP5,2024,51,2,3,0.5484424963872894,8.75,13.9,27.635,9.733333333333334,3.466666666666667,3,1
PP,PP1,2024,51,2,1,0.5484424963872894,9.3,13.9,28.57,9.733333333333334,3.466666666666667,6,1
PP,PP3,2024,51,2,1,0.5484424963872894,7.8,13.9,27.905,9.733333333333334,3.466666666666667,5,1
NP,NP3,2024,57,6,3,0.8707379637357454,7.85,21.9,28.365,0.07142857142857144,1.5142857142857145,15,1
NP,NP5,2024,57,6,4,0.8707379637357454,7.85,21.9,28.365,0.07142857142857144,1.5142857142857145,3,1
PP,PP1,2024,57,6,2,0.8707379637357454,6.8,21.9,28.06,0.07142857142857144,1.5142857142857145,3,1
PP,PP3,2024,57,6,2,0.8707379637357454,7.399999999999999,21.9,28.405,0.07142857142857144,1.5142857142857145,10,1
NP,NP1,2024,59,2,4,0.9795283462306988,8.2,7.000000000000001,27.95,7.2,2.1666666666666665,4,1
NP,NP3,2024,59,2,4,0.9795283462306988,8.05,7.000000000000001,27.57,7.2,2.1666666666666665,11,1
NP,NP5,2024,59,2,5,0.9795283462306988,8.05,7.000000000000001,27.57,7.2,2.1666666666666665,4,1
PP,PP1,2024,59,2,3,0.9795283462306988,7.899999999999999,7.000000000000001,27.82,7.2,2.1666666666666665,2,1
PP,PP3,2024,59,2,3,0.9795283462306988,8.25,7.000000000000001,28.335,7.2,2.1666666666666665,20,1
NP,NP1,2024,63,4,5,0.8086666159276064,6.8,16.7,27.78,1.74,1.2,4,1
NP,NP3,2024,63,4,5,0.8086666159276064,7.300000000000001,16.7,27.625,1.74,1.2,19,1
NP,NP5,2024,63,4,6,0.8086666159276064,7.300000000000001,16.7,27.625,1.74,1.2,9,1
PP,PP1,2024,63,4,4,0.8086666159276064,6.65,16.7,28.18,1.74,1.2,0,0
PP,PP3,2024,63,4,4,0.8086666159276064,7.300000000000001,16.7,28.245,1.74,1.2,18,1
PP,PP6,2024,63,4,1,0.8086666159276064,7.2,16.7,27.34,1.74,1.2,9,1
NP,NP1,2024,66,3,6,0.4795583617278294,4.35,14.4,28.54,0,2.15,1,1
NP,NP3,2024,66,3,6,0.4795583617278294,5.3,14.4,28.505,0,2.15,14,1
NP,NP5,2024,66,3,7,0.4795583617278294,5.3,14.4,28.505,0,2.15,5,1
PP,PP1,2024,66,3,5,0.4795583617278294,4.449999999999999,14.4,28.61,0,2.15,0,0
PP,PP3,2024,66,3,5,0.4795583617278294,5.55,14.4,28.43,0,2.15,7,1
PP,PP6,2024,66,3,2,0.4795583617278294,5.5,14.4,28.2,0,2.15,6,1
NP,NP1,2024,69,3,7,0.19428584863540568,3.65,11.8,28.98,5.1,3.275,3,1
NP,NP3,2024,69,3,7,0.19428584863540568,5.25,11.8,29.59,5.1,3.275,16,1
NP,NP5,2024,69,3,8,0.19428584863540568,5.25,11.8,29.59,5.1,3.275,1,1
PP,PP3,2024,69,3,6,0.19428584863540568,4.8,11.8,28.2,5.1,3.275,12,1
PP,PP6,2024,69,3,3,0.19428584863540568,4.199999999999999,11.8,28.29,5.1,3.275,4,1
NP,NP3,2024,73,4,8,0.027409161650051195,6.6,22.2,28.83,15.9,3.86,9,1
NP,NP5,2024,73,4,9,0.027409161650051195,6.6,22.2,28.83,15.9,3.86,15,1
PP,PP1,2024,73,4,6,0.027409161650051195,4.9,22.2,28.185,15.9,3.86,0,0
PP,PP3,2024,73,4,7,0.027409161650051195,5.75,22.2,28.13,15.9,3.86,5,1
PP,PP6,2024,73,4,4,0.027409161650051195,5,22.2,27.955,15.9,3.86,4,1
NP,NP1,2024,79,6,8,0.22311901730375225,3.75,25,28.705,4.628571428571429,3.928571428571429,0,0
NP,NP3,2024,79,6,9,0.22311901730375225,3.6,25,27.04,4.628571428571429,3.928571428571429,9,1
NP,NP5,2024,79,6,10,0.22311901730375225,3.6,25,27.04,4.628571428571429,3.928571428571429,13,1
PP,PP1,2024,79,6,7,0.22311901730375225,3.65,25,27.985,4.628571428571429,3.928571428571429,4,1
PP,PP3,2024,79,6,8,0.22311901730375225,4.3,25,25.605,4.628571428571429,3.928571428571429,3,1
PP,PP6,2024,79,6,5,0.22311901730375225,4.1,25,27.65,4.628571428571429,3.928571428571429,7,1
NP,NP1,2024,83,4,9,0.6909085256248592,1.65,14.7,27.450000000000003,0.2,2.8,3,1
NP,NP3,2024,83,4,10,0.6909085256248592,1.25,14.7,27.94,0.2,2.8,8,1
NP,NP5,2024,83,4,11,0.6909085256248592,1.25,14.7,27.94,0.2,2.8,2,1
PP,PP1,2024,83,4,8,0.6909085256248592,0.95,14.7,28.015,0.2,2.8,6,1
PP,PP3,2024,83,4,9,0.6909085256248592,1.75,14.7,25.245,0.2,2.8,6,1
PP,PP6,2024,83,4,6,0.6909085256248592,1.35,14.7,27.71,0.2,2.8,5,1
NP,NP1,2024,86,3,10,0.944723891039775,4.4,25.1,28.64,3.75,2.45,1,1
NP,NP3,2024,86,3,11,0.944723891039775,3.065,25.1,28.15,3.75,2.45,7,1
NP,NP5,2024,86,3,12,0.944723891039775,3.065,25.1,28.15,3.75,2.45,0,0
PP,PP1,2024,86,3,9,0.944723891039775,2.75,25.1,27.62,3.75,2.45,3,1
PP,PP3,2024,86,3,10,0.944723891039775,3,25.1,28.03,3.75,2.45,0,0
NP,NP1,2024,91,5,11,0.9238405411676692,4.95,15.7,28.19,8.05,3.1666666666666665,2,1
NP,NP3,2024,91,5,12,0.9238405411676692,4.465,15.7,26.9,8.05,3.1666666666666665,7,1
NP,NP7,2024,91,5,1,0.9238405411676692,4.165,15.7,26.9,8.05,3.1666666666666665,2,1
PP,PP1,2024,91,5,10,0.9238405411676692,4.4,15.7,27.725,8.05,3.1666666666666665,5,1
PP,PP3,2024,91,5,11,0.9238405411676692,4.65,15.7,28.74,8.05,3.1666666666666665,13,1
PP,PP6,2024,91,5,7,0.9238405411676692,3.85,15.7,27.025,8.05,3.1666666666666665,3,1
NP,NP1,2024,94,3,12,0.6359716772102957,4.75,10.1,25.965,0.325,2.1,0,0
NP,NP3,2024,94,3,13,0.6359716772102957,5.449999999999999,10.1,26.015,0.325,2.1,1,1
NP,NP7,2024,94,3,2,0.6359716772102957,5.15,10.1,26.015,0.325,2.1,0,0
PP,PP1,2024,94,3,11,0.6359716772102957,4.699999999999999,10.1,28.005,0.325,2.1,2,1
PP,PP3,2024,94,3,12,0.6359716772102957,5.300000000000001,10.1,27.85,0.325,2.1,1,1
PP,PP6,2024,94,3,8,0.6359716772102957,4.55,10.1,27.285,0.325,2.1,3,1
NP,NP1,2024,97,3,13,0.33121124226611265,5.199999999999999,12.9,27.33,0.07499999999999998,3,0,0
NP,NP3,2024,97,3,14,0.33121124226611265,5.5,12.9,27.285,0.07499999999999998,3,4,1
NP,NP7,2024,97,3,3,0.33121124226611265,5.5,12.9,27.285,0.07499999999999998,3,0,0
PP,PP1,2024,97,3,12,0.33121124226611265,5.449999999999999,12.9,28.21,0.07499999999999998,3,1,1
PP,PP3,2024,97,3,13,0.33121124226611265,5.65,12.9,27.25,0.07499999999999998,3,2,1
PP,PP6,2024,97,3,9,0.33121124226611265,5.35,12.9,27.91,0.07499999999999998,3,0,0
NP,NP1,2024,100,3,14,0.0929177347428764,4.8,14.8,28.93,0,1.925,0,0
NP,NP3,2024,100,3,15,0.0929177347428764,5.2,14.8,28.44,0,1.925,0,0
PP,PP3,2024,100,3,14,0.0929177347428764,5.85,14.8,28.055,0,1.925,3,1
PP,PP6,2024,100,3,10,0.0929177347428764,5.4,14.8,27.825000000000003,0,1.925,1,1
NP,NP3,2024,104,4,16,0.028985553738645677,5.4,19.7,28.535,0,1.42,1,1
NP,NP7,2024,104,4,4,0.028985553738645677,5.4,19.7,28.535,0,1.42,3,1
PP,PP1,2024,104,4,13,0.028985553738645677,5.699999999999999,19.7,27.85,0,1.42,2,1
PP,PP6,2024,104,4,11,0.028985553738645677,5.85,19.7,27.62,0,1.42,2,1
NP,NP1,2024,111,7,15,0.3975210846972587,3.9,19.8,27.965,2.8125000000000004,2.925,4,1
NP,NP3,2024,111,7,17,0.3975210846972587,4.699999999999999,19.8,29.175,2.8125000000000004,2.925,3,1
NP,NP7,2024,111,7,5,0.3975210846972587,4.699999999999999,19.8,29.175,2.8125000000000004,2.925,7,1
PP,PP1,2024,111,7,14,0.3975210846972587,4.85,19.8,28.895,2.8125000000000004,2.925,6,1
PP,PP3,2024,111,7,15,0.3975210846972587,5.55,19.8,28.79,2.8125000000000004,2.925,9,1
PP,PP6,2024,111,7,12,0.3975210846972587,5.65,19.8,28.275,2.8125000000000004,2.925,6,1
NP,NP1,2024,118,7,16,0.9208353180181412,3.35,21.1,28.19,1.2625,2.7,5,1
NP,NP3,2024,118,7,18,0.9208353180181412,4.3,21.1,29.115,1.2625,2.7,0,0
NP,NP7,2024,118,7,6,0.9208353180181412,4.3,21.1,29.115,1.2625,2.7,0,0
PP,PP1,2024,118,7,15,0.9208353180181412,4.6,21.1,29.105,1.2625,2.7,0,0
PP,PP3,2024,118,7,16,0.9208353180181412,5,21.1,28.375,1.2625,2.7,4,1
PP,PP6,2024,118,7,13,0.9208353180181412,4.85,21.1,28.405,1.2625,2.7,1,1
NP,NP3,2024,125,7,19,0.6709281508139657,6.25,24.6,28.565,10.1375,3.55,0,0
NP,NP7,2024,125,7,7,0.6709281508139657,6.25,24.6,28.565,10.1375,3.55,5,1
PP,PP1,2024,125,7,16,0.6709281508139657,7.35,24.6,27.84,10.1375,3.55,1,1
PP,PP3,2024,125,7,17,0.6709281508139657,7.800000000000001,24.6,26.36,10.1375,3.55,2,1
NP,NP1,2024,129,4,17,0.16620489243290343,7.699999999999999,15.4,27.04,10.22,3.6,4,1
NP,NP7,2024,129,4,8,0.16620489243290343,7.45,15.4,27.36,10.22,3.6,1,1
PP,PP1,2024,129,4,17,0.16620489243290343,8.6,15.4,26.66,10.22,3.6,0,0
PP,PP3,2024,129,4,18,0.16620489243290343,9.15,15.4,25.255000000000003,10.22,3.6,3,1
PP,PP6,2024,129,4,14,0.16620489243290343,8.95,15.4,26.085,10.22,3.6,0,0
NP,NP1,2024,133,4,18,0.02304359428275288,6.5,17.6,27.195,7.62,4.2,2,1
NP,NP7,2024,133,4,9,0.02304359428275288,6.4,17.6,25.380000000000003,7.62,4.2,0,0
PP,PP6,2024,133,4,15,0.02304359428275288,7.35,17.6,26.04,7.62,4.2,0,0
NP,NP3,2024,136,3,20,0.16098088770775318,7.35,20,25.87,0.075,2.35,0,0
NP,NP7,2024,136,3,10,0.16098088770775318,7.35,20,25.87,0.075,2.35,0,0
PP,PP6,2024,136,3,16,0.16098088770775318,8.2,20,26.435,0.075,2.35,0,0
NP,NP1,2024,139,3,19,0.4351862189030592,8.95,17.5,27.92,0.4,2.8,2,1
NP,NP3,2024,139,3,21,0.4351862189030592,9.95,17.5,27.21,0.4,2.8,0,0
NP,NP7,2024,139,3,11,0.4351862189030592,9.95,17.5,27.11,0.4,2.8,0,0
PP,PP3,2024,139,3,19,0.4351862189030592,10.95,17.5,25.255000000000003,0.4,2.8,0,0
NP,NP1,2024,148,9,20,0.8745331437956679,7.55,21.3,27.16,4.419999999999999,4.07,2,1
NP,NP3,2024,148,9,22,0.8745331437956679,8.45,21.3,27.47,4.419999999999999,4.07,0,0
PP,PP1,2024,148,9,18,0.8745331437956679,8.8,21.3,27.795,4.419999999999999,4.07,0,0
PP,PP3,2024,148,9,20,0.8745331437956679,9.05,21.3,26.245,4.419999999999999,4.07,2,1
NP,NP1,2024,153,5,21,0.7280212546763547,7.45,16.700000000000003,25.96,9.9,2.85,1,1
NP,NP3,2024,153,5,23,0.7280212546763547,7.899999999999999,16.700000000000003,26.185,9.9,2.85,0,0
PP,PP1,2024,153,5,19,0.7280212546763547,8.2,16.700000000000003,26.66,9.9,2.85,1,1
PP,PP3,2024,153,5,21,0.7280212546763547,8.3,16.700000000000003,26.51,9.9,2.85,0,0
NP,NP1,2024,157,4,22,0.2930595116395052,7.85,12,25.99,11.18,3.98,2,1
